کد درس,نام درس,نوع درس,تعداد واحد نظري,تعداد واحد عملي,کد ارائه کلاس درس,نام كلاس درس,زمانبندي تشکيل کلاس,استاد,ساير اساتيد,حداكثر ظرفيت,تعداد ثبت نامي تاکنون,زمان امتحان,مکان برگزاري,مقطع ارائه درس,نوع ارائه,سطح ارائه,دانشجويان مجاز به اخذ کلاس,گروه آموزشی,دانشکده,واحد,استان
6138156372,کارآموزی,كارآموزي,0,2,88811,,,امیر محسنی آهویی,,10,,,,كارشناسي ناپيوسته,حضوري,ارائه در سطح گروه آموزشی,-,گروه آموزشي کامپيوتر و فناوري اطلاعات(7116330),163 - شيراز(163),163 - شيراز(71163),71 - فارس(71)
5990114704,پروژه,عملي,0,2,77725,,,علی حسینی,,3,,,,کاردانی پیوسته,حضوري,ارائه در سطح گروه آموزشی,-,گروه آموزشي کامپيوتر و فناوري اطلاعات(7116330),163 - شيراز(163),163 - شيراز(71163),71 - فارس(71)
5990114704,پروژه,عملي,0,2,77724,,,محبوبه اقتصاد,,5,,,,کاردانی پیوسته,حضوري,ارائه در سطح گروه آموزشی,-,گروه آموزشي کامپيوتر و فناوري اطلاعات(7116330),163 - شيراز(163),163 - شيراز(71163),71 - فارس(71)
5990114704,پروژه,عملي,0,2,77723,,,زهراسادات عصایی معمم,,5,,,,کاردانی پیوسته,حضوري,ارائه در سطح گروه آموزشی,-,گروه آموزشي کامپيوتر و فناوري اطلاعات(7116330),163 - شيراز(163),163 - شيراز(71163),71 - فارس(71)
5990114704,پروژه,عملي,0,2,77722,,,زهرا مقصود زاده,,5,,,,کاردانی پیوسته,حضوري,ارائه در سطح گروه آموزشی,-,گروه آموزشي کامپيوتر و فناوري اطلاعات(7116330),163 - شيراز(163),163 - شيراز(71163),71 - فارس(71)
5990156372,کارآموزی,كارآموزي,0,2,77715,,,علی حسینی,,3,,,,کاردانی پیوسته,حضوري,ارائه در سطح گروه آموزشی,-,گروه آموزشي کامپيوتر و فناوري اطلاعات(7116330),163 - شيراز(163),163 - شيراز(71163),71 - فارس(71)
5990156372,کارآموزی,كارآموزي,0,2,77714,,,محبوبه اقتصاد,,5,,,,کاردانی پیوسته,حضوري,ارائه در سطح گروه آموزشی,-,گروه آموزشي کامپيوتر و فناوري اطلاعات(7116330),163 - شيراز(163),163 - شيراز(71163),71 - فارس(71)
5990156372,کارآموزی,كارآموزي,0,2,77713,,,زهراسادات عصایی معمم,,5,,,,کاردانی پیوسته,حضوري,ارائه در سطح گروه آموزشی,-,گروه آموزشي کامپيوتر و فناوري اطلاعات(7116330),163 - شيراز(163),163 - شيراز(71163),71 - فارس(71)
5990156372,کارآموزی,كارآموزي,0,2,77712,,,زهرا مقصود زاده,,5,,,,کاردانی پیوسته,حضوري,ارائه در سطح گروه آموزشی,-,گروه آموزشي کامپيوتر و فناوري اطلاعات(7116330),163 - شيراز(163),163 - شيراز(71163),71 - فارس(71)
5990156372,کارآموزی,كارآموزي,0,2,77711,,,امیر محسنی آهویی,,10,,,,کاردانی پیوسته,حضوري,ارائه در سطح گروه آموزشی,-,گروه آموزشي کامپيوتر و فناوري اطلاعات(7116330),163 - شيراز(163),163 - شيراز(71163),71 - فارس(71)
7000031540,داده ساختارها و الگوریتم ها,نظري,3,0,1634254182,,يكشنبه از 15:45 تا 18:30,صدیقه طاهری,,0,,1405/04/17 از 08:00 تا 10:00,مهندسی یک-120,كارشناسي پيوسته,حضوري,ارائه در سطح گروه آموزشی,-,گروه آموزشي کامپيوتر و فناوري اطلاعات(7116330),163 - شيراز(163),163 - شيراز(71163),71 - فارس(71)
7000031554,آزمایشگاه مدارهای منطقی,عملي,0,1,16342540744,,چهارشنبه از 15:00 تا 16:45,مهدی قائمی امیری,,0,,,163 - شيراز-304آزمایشگاه الکترونیک سوله شماره 3 مجتمع آزمایشگاهی و کارگاهی دکتر محمود حسابی,كارشناسي پيوسته,حضوري,ارائه در سطح گروه آموزشی,-,گروه آموزشي کامپيوتر و فناوري اطلاعات(7116330),163 - شيراز(163),163 - شيراز(71163),71 - فارس(71)
7000031553,کارگاه کامپیوتر,عملي,0,1,16341054110,,سه شنبه از 12:30 تا 17:00,,,40,,,,كارشناسي پيوسته,حضوري,ارائه در سطح گروه آموزشی,-,گروه آموزشي کامپيوتر و فناوري اطلاعات(7116330),163 - شيراز(163),163 - شيراز(71163),71 - فارس(71)
7000031553,کارگاه کامپیوتر,عملي,0,1,16341054109,,دوشنبه از 12:30 تا 17:00,,,40,,1405/06/05 از 10:30 تا 12:00,,كارشناسي پيوسته,حضوري,ارائه در سطح گروه آموزشی,-,گروه آموزشي کامپيوتر و فناوري اطلاعات(7116330),163 - شيراز(163),163 - شيراز(71163),71 - فارس(71)
4628160442,کارگاه کامپیوتر,عملي,0,1,16341054108,,سه شنبه از 12:30 تا 17:00,مرضیه سادات حسینی,,40,,,,كارشناسي پيوسته,حضوري,ارائه در سطح گروه آموزشی,-,گروه آموزشي کامپيوتر و فناوري اطلاعات(7116330),163 - شيراز(163),163 - شيراز(71163),71 - فارس(71)
4628160442,کارگاه کامپیوتر,عملي,0,1,16341054107,,دوشنبه از 12:30 تا 17:00,مرضیه سادات حسینی,,40,,1405/06/05 از 10:30 تا 12:00,,كارشناسي پيوسته,حضوري,ارائه در سطح گروه آموزشی,-,گروه آموزشي کامپيوتر و فناوري اطلاعات(7116330),163 - شيراز(163),163 - شيراز(71163),71 - فارس(71)
4628162051,یکپارچه سازی کاربردهای سازمانی,نظري,3,0,16341054106,,پنج شنبه از 07:30 تا 12:00 پنج شنبه از ...,,,55,,1405/06/05 از 10:30 تا 12:00,,كارشناسي پيوسته,حضوري,ارائه در سطح گروه آموزشی,-,گروه آموزشي کامپيوتر و فناوري اطلاعات(7116330),163 - شيراز(163),163 - شيراز(71163),71 - فارس(71)
4628107113,اقتصاد مهندسی,نظري,3,0,16341054105,,پنج شنبه از 07:30 تا 12:00 پنج شنبه از ...,ابراهیم بیرقی پناه,,55,,1405/06/05 از 10:30 تا 12:00,,كارشناسي پيوسته,حضوري,ارائه در سطح گروه آموزشی,-,گروه آموزشي کامپيوتر و فناوري اطلاعات(7116330),163 - شيراز(163),163 - شيراز(71163),71 - فارس(71)
4628144915,مبانی داده کاوی,نظري,3,0,16341054104,,سه شنبه از 07:30 تا 12:00 سه شنبه از ...,,,55,,1405/06/05 از 10:30 تا 12:00,,كارشناسي پيوسته,حضوري,ارائه در سطح گروه آموزشی,-,گروه آموزشي کامپيوتر و فناوري اطلاعات(7116330),163 - شيراز(163),163 - شيراز(71163),71 - فارس(71)
7000031565,داده کاوی,نظري,3,0,16341054103,,سه شنبه از 07:30 تا 12:00 سه شنبه از ...,ميلاد نيک نام,,55,,1405/06/05 از 10:30 تا 12:00,,كارشناسي پيوسته,حضوري,ارائه در سطح گروه آموزشی,-,گروه آموزشي کامپيوتر و فناوري اطلاعات(7116330),163 - شيراز(163),163 - شيراز(71163),71 - فارس(71)
7000035096,کارآموزی,عملي,0,2,16341054102,,,امین اسکندری,,15,,1405/06/15 از 08:00 تا 10:00,,كارشناسي پيوسته,حضوري,ارائه در سطح گروه آموزشی,-,گروه آموزشي کامپيوتر و فناوري اطلاعات(7116330),163 - شيراز(163),163 - شيراز(71163),71 - فارس(71)
4628156372,کارآموزی,كارآموزي,0,1,16341054101,,,امین اسکندری,,15,,1405/06/15 از 08:00 تا 10:00,,كارشناسي پيوسته,حضوري,ارائه در سطح گروه آموزشی,-,گروه آموزشي کامپيوتر و فناوري اطلاعات(7116330),163 - شيراز(163),163 - شيراز(71163),71 - فارس(71)
7000035096,کارآموزی,عملي,0,2,16341054100,,,امیر رضا استخریان حقیقی,,15,,1405/06/15 از 08:00 تا 10:00,,كارشناسي پيوسته,حضوري,ارائه در سطح گروه آموزشی,-,گروه آموزشي کامپيوتر و فناوري اطلاعات(7116330),163 - شيراز(163),163 - شيراز(71163),71 - فارس(71)
4628156372,کارآموزی,كارآموزي,0,1,16341054099,,,امیر رضا استخریان حقیقی,,15,,1405/06/15 از 08:00 تا 10:00,,كارشناسي پيوسته,حضوري,ارائه در سطح گروه آموزشی,-,گروه آموزشي کامپيوتر و فناوري اطلاعات(7116330),163 - شيراز(163),163 - شيراز(71163),71 - فارس(71)
7000035096,کارآموزی,عملي,0,2,16341054098,,,مهدی محرابی,,15,,1405/06/15 از 08:00 تا 10:00,,كارشناسي پيوسته,حضوري,ارائه در سطح گروه آموزشی,-,گروه آموزشي کامپيوتر و فناوري اطلاعات(7116330),163 - شيراز(163),163 - شيراز(71163),71 - فارس(71)
4628156372,کارآموزی,كارآموزي,0,1,16341054097,,,مهدی محرابی,,15,,1405/06/15 از 08:00 تا 10:00,,كارشناسي پيوسته,حضوري,ارائه در سطح گروه آموزشی,-,گروه آموزشي کامپيوتر و فناوري اطلاعات(7116330),163 - شيراز(163),163 - شيراز(71163),71 - فارس(71)
7000035096,کارآموزی,عملي,0,2,16341054096,,,الهام پروین نیا,,15,,1405/06/15 از 08:00 تا 10:00,,كارشناسي پيوسته,حضوري,ارائه در سطح گروه آموزشی,-,گروه آموزشي کامپيوتر و فناوري اطلاعات(7116330),163 - شيراز(163),163 - شيراز(71163),71 - فارس(71)
4628156372,کارآموزی,كارآموزي,0,1,16341054095,,,الهام پروین نیا,,15,,1405/06/15 از 08:00 تا 10:00,,كارشناسي پيوسته,حضوري,ارائه در سطح گروه آموزشی,-,گروه آموزشي کامپيوتر و فناوري اطلاعات(7116330),163 - شيراز(163),163 - شيراز(71163),71 - فارس(71)
7000035096,کارآموزی,عملي,0,2,16341054094,,,فرزاد قهرمانی,,15,,1405/06/15 از 08:00 تا 10:00,,كارشناسي پيوسته,حضوري,ارائه در سطح گروه آموزشی,-,گروه آموزشي کامپيوتر و فناوري اطلاعات(7116330),163 - شيراز(163),163 - شيراز(71163),71 - فارس(71)
4628156372,کارآموزی,كارآموزي,0,1,16341054093,,,فرزاد قهرمانی,,15,,1405/06/15 از 08:00 تا 10:00,,كارشناسي پيوسته,حضوري,ارائه در سطح گروه آموزشی,-,گروه آموزشي کامپيوتر و فناوري اطلاعات(7116330),163 - شيراز(163),163 - شيراز(71163),71 - فارس(71)
7000035096,کارآموزی,عملي,0,2,16341054092,,,محمدامین شایگان,,15,,1405/06/15 از 08:00 تا 10:00,,كارشناسي پيوسته,حضوري,ارائه در سطح گروه آموزشی,-,گروه آموزشي کامپيوتر و فناوري اطلاعات(7116330),163 - شيراز(163),163 - شيراز(71163),71 - فارس(71)
4628156372,کارآموزی,كارآموزي,0,1,16341054091,,,محمدامین شایگان,,15,,1405/06/15 از 08:00 تا 10:00,,كارشناسي پيوسته,حضوري,ارائه در سطح گروه آموزشی,-,گروه آموزشي کامپيوتر و فناوري اطلاعات(7116330),163 - شيراز(163),163 - شيراز(71163),71 - فارس(71)
7000035096,کارآموزی,عملي,0,2,16341054090,,,مهدی صفرپور,,15,,1405/06/15 از 08:00 تا 10:00,,كارشناسي پيوسته,حضوري,ارائه در سطح گروه آموزشی,-,گروه آموزشي کامپيوتر و فناوري اطلاعات(7116330),163 - شيراز(163),163 - شيراز(71163),71 - فارس(71)
4628156372,کارآموزی,كارآموزي,0,1,16341054089,,,مهدی صفرپور,,15,,1405/06/15 از 08:00 تا 10:00,,كارشناسي پيوسته,حضوري,ارائه در سطح گروه آموزشی,-,گروه آموزشي کامپيوتر و فناوري اطلاعات(7116330),163 - شيراز(163),163 - شيراز(71163),71 - فارس(71)
7000035096,کارآموزی,عملي,0,2,16341054088,,,وحید صفاری,,15,,1405/06/15 از 08:00 تا 10:00,,كارشناسي پيوسته,حضوري,ارائه در سطح گروه آموزشی,-,گروه آموزشي کامپيوتر و فناوري اطلاعات(7116330),163 - شيراز(163),163 - شيراز(71163),71 - فارس(71)
4628156372,کارآموزی,كارآموزي,0,1,16341054087,,,وحید صفاری,,15,,1405/06/15 از 08:00 تا 10:00,,كارشناسي پيوسته,حضوري,ارائه در سطح گروه آموزشی,-,گروه آموزشي کامپيوتر و فناوري اطلاعات(7116330),163 - شيراز(163),163 - شيراز(71163),71 - فارس(71)
7000035096,کارآموزی,عملي,0,2,16341054086,,,محمد علی تبرزد,,15,,1405/06/15 از 08:00 تا 10:00,,كارشناسي پيوسته,حضوري,ارائه در سطح گروه آموزشی,-,گروه آموزشي کامپيوتر و فناوري اطلاعات(7116330),163 - شيراز(163),163 - شيراز(71163),71 - فارس(71)
4628156372,کارآموزی,كارآموزي,0,1,16341054085,,,محمد علی تبرزد,,15,,1405/06/15 از 08:00 تا 10:00,,كارشناسي پيوسته,حضوري,ارائه در سطح گروه آموزشی,-,گروه آموزشي کامپيوتر و فناوري اطلاعات(7116330),163 - شيراز(163),163 - شيراز(71163),71 - فارس(71)
7000035096,کارآموزی,عملي,0,2,16341054084,,,کاظم براتی مهر,,15,,1405/06/15 از 08:00 تا 10:00,,كارشناسي پيوسته,حضوري,ارائه در سطح گروه آموزشی,-,گروه آموزشي کامپيوتر و فناوري اطلاعات(7116330),163 - شيراز(163),163 - شيراز(71163),71 - فارس(71)
4628156372,کارآموزی,كارآموزي,0,1,16341054083,,,کاظم براتی مهر,,15,,1405/06/15 از 08:00 تا 10:00,,كارشناسي پيوسته,حضوري,ارائه در سطح گروه آموزشی,-,گروه آموزشي کامپيوتر و فناوري اطلاعات(7116330),163 - شيراز(163),163 - شيراز(71163),71 - فارس(71)
7000035096,کارآموزی,عملي,0,2,16341054082,,,صدیقه طاهری,,15,,1405/06/15 از 08:00 تا 10:00,,كارشناسي پيوسته,حضوري,ارائه در سطح گروه آموزشی,-,گروه آموزشي کامپيوتر و فناوري اطلاعات(7116330),163 - شيراز(163),163 - شيراز(71163),71 - فارس(71)
4628156372,کارآموزی,كارآموزي,0,1,16341054081,,,صدیقه طاهری,,15,,1405/06/15 از 08:00 تا 10:00,,كارشناسي پيوسته,حضوري,ارائه در سطح گروه آموزشی,-,گروه آموزشي کامپيوتر و فناوري اطلاعات(7116330),163 - شيراز(163),163 - شيراز(71163),71 - فارس(71)
7000035096,کارآموزی,عملي,0,2,16341054080,,,غلامرضا ستوده,,15,,1405/06/15 از 08:00 تا 10:00,,كارشناسي پيوسته,حضوري,ارائه در سطح گروه آموزشی,-,گروه آموزشي کامپيوتر و فناوري اطلاعات(7116330),163 - شيراز(163),163 - شيراز(71163),71 - فارس(71)
4628156372,کارآموزی,كارآموزي,0,1,16341054079,,,غلامرضا ستوده,,15,,1405/06/15 از 08:00 تا 10:00,,كارشناسي پيوسته,حضوري,ارائه در سطح گروه آموزشی,-,گروه آموزشي کامپيوتر و فناوري اطلاعات(7116330),163 - شيراز(163),163 - شيراز(71163),71 - فارس(71)
7000035096,کارآموزی,عملي,0,2,16341054078,,,محمد علی اسدی,,15,,1405/06/15 از 08:00 تا 10:00,,كارشناسي پيوسته,حضوري,ارائه در سطح گروه آموزشی,-,گروه آموزشي کامپيوتر و فناوري اطلاعات(7116330),163 - شيراز(163),163 - شيراز(71163),71 - فارس(71)
4628156372,کارآموزی,كارآموزي,0,1,16341054077,,,محمد علی اسدی,,15,,1405/06/15 از 08:00 تا 10:00,,كارشناسي پيوسته,حضوري,ارائه در سطح گروه آموزشی,-,گروه آموزشي کامپيوتر و فناوري اطلاعات(7116330),163 - شيراز(163),163 - شيراز(71163),71 - فارس(71)
4628183688,پروژه نرم افزار,عملي,0,3,16341054076,,,محمد علی اسدی,,15,,1405/06/15 از 08:00 تا 10:00,,كارشناسي پيوسته,حضوري,ارائه در سطح گروه آموزشی,-,گروه آموزشي کامپيوتر و فناوري اطلاعات(7116330),163 - شيراز(163),163 - شيراز(71163),71 - فارس(71)
4628114947,پروژه فناوری اطلاعات,عملي,0,3,16341054075,,,محمد علی اسدی,,15,,1405/06/15 از 08:00 تا 10:00,,كارشناسي پيوسته,حضوري,ارائه در سطح گروه آموزشی,-,گروه آموزشي کامپيوتر و فناوري اطلاعات(7116330),163 - شيراز(163),163 - شيراز(71163),71 - فارس(71)
4628183688,پروژه نرم افزار,عملي,0,3,16341054074,,,امین اسکندری,,10,,1405/06/15 از 08:00 تا 10:00,,كارشناسي پيوسته,حضوري,ارائه در سطح گروه آموزشی,-,گروه آموزشي کامپيوتر و فناوري اطلاعات(7116330),163 - شيراز(163),163 - شيراز(71163),71 - فارس(71)
4628114947,پروژه فناوری اطلاعات,عملي,0,3,16341054073,,,امین اسکندری,,10,,1405/06/15 از 08:00 تا 10:00,,كارشناسي پيوسته,حضوري,ارائه در سطح گروه آموزشی,-,گروه آموزشي کامپيوتر و فناوري اطلاعات(7116330),163 - شيراز(163),163 - شيراز(71163),71 - فارس(71)
4628183688,پروژه نرم افزار,عملي,0,3,16341054072,,,امیر رضا استخریان حقیقی,,10,,1405/06/15 از 08:00 تا 10:00,,كارشناسي پيوسته,حضوري,ارائه در سطح گروه آموزشی,-,گروه آموزشي کامپيوتر و فناوري اطلاعات(7116330),163 - شيراز(163),163 - شيراز(71163),71 - فارس(71)
4628114947,پروژه فناوری اطلاعات,عملي,0,3,16341054071,,,امیر رضا استخریان حقیقی,,10,,1405/06/15 از 08:00 تا 10:00,,كارشناسي پيوسته,حضوري,ارائه در سطح گروه آموزشی,-,گروه آموزشي کامپيوتر و فناوري اطلاعات(7116330),163 - شيراز(163),163 - شيراز(71163),71 - فارس(71)
4628183688,پروژه نرم افزار,عملي,0,3,16341054070,,,مهدی محرابی,,10,,1405/06/15 از 08:00 تا 10:00,,كارشناسي پيوسته,حضوري,ارائه در سطح گروه آموزشی,-,گروه آموزشي کامپيوتر و فناوري اطلاعات(7116330),163 - شيراز(163),163 - شيراز(71163),71 - فارس(71)
4628114947,پروژه فناوری اطلاعات,عملي,0,3,16341054069,,,مهدی محرابی,,10,,1405/06/15 از 08:00 تا 10:00,,كارشناسي پيوسته,حضوري,ارائه در سطح گروه آموزشی,-,گروه آموزشي کامپيوتر و فناوري اطلاعات(7116330),163 - شيراز(163),163 - شيراز(71163),71 - فارس(71)
4628183688,پروژه نرم افزار,عملي,0,3,16341054068,,,الهام پروین نیا,,10,,1405/06/15 از 08:00 تا 10:00,,كارشناسي پيوسته,حضوري,ارائه در سطح گروه آموزشی,-,گروه آموزشي کامپيوتر و فناوري اطلاعات(7116330),163 - شيراز(163),163 - شيراز(71163),71 - فارس(71)
4628114947,پروژه فناوری اطلاعات,عملي,0,3,16341054067,,,الهام پروین نیا,,10,,1405/06/15 از 08:00 تا 10:00,,كارشناسي پيوسته,حضوري,ارائه در سطح گروه آموزشی,-,گروه آموزشي کامپيوتر و فناوري اطلاعات(7116330),163 - شيراز(163),163 - شيراز(71163),71 - فارس(71)
4628183688,پروژه نرم افزار,عملي,0,3,16341054066,,,فرزاد قهرمانی,,10,,1405/06/15 از 08:00 تا 10:00,,كارشناسي پيوسته,حضوري,ارائه در سطح گروه آموزشی,-,گروه آموزشي کامپيوتر و فناوري اطلاعات(7116330),163 - شيراز(163),163 - شيراز(71163),71 - فارس(71)
4628114947,پروژه فناوری اطلاعات,عملي,0,3,16341054065,,,فرزاد قهرمانی,,10,,1405/06/15 از 08:00 تا 10:00,,كارشناسي پيوسته,حضوري,ارائه در سطح گروه آموزشی,-,گروه آموزشي کامپيوتر و فناوري اطلاعات(7116330),163 - شيراز(163),163 - شيراز(71163),71 - فارس(71)
4628183688,پروژه نرم افزار,عملي,0,3,16341054064,,,محمدامین شایگان,,10,,1405/06/15 از 08:00 تا 10:00,,كارشناسي پيوسته,حضوري,ارائه در سطح گروه آموزشی,-,گروه آموزشي کامپيوتر و فناوري اطلاعات(7116330),163 - شيراز(163),163 - شيراز(71163),71 - فارس(71)
4628114947,پروژه فناوری اطلاعات,عملي,0,3,16341054063,,,محمدامین شایگان,,10,,1405/06/15 از 08:00 تا 10:00,,كارشناسي پيوسته,حضوري,ارائه در سطح گروه آموزشی,-,گروه آموزشي کامپيوتر و فناوري اطلاعات(7116330),163 - شيراز(163),163 - شيراز(71163),71 - فارس(71)
4628183688,پروژه نرم افزار,عملي,0,3,16341054062,,,مهدی صفرپور,,10,,1405/06/15 از 08:00 تا 10:00,,كارشناسي پيوسته,حضوري,ارائه در سطح گروه آموزشی,-,گروه آموزشي کامپيوتر و فناوري اطلاعات(7116330),163 - شيراز(163),163 - شيراز(71163),71 - فارس(71)
4628114947,پروژه فناوری اطلاعات,عملي,0,3,16341054061,,,مهدی صفرپور,,10,,1405/06/15 از 08:00 تا 10:00,,كارشناسي پيوسته,حضوري,ارائه در سطح گروه آموزشی,-,گروه آموزشي کامپيوتر و فناوري اطلاعات(7116330),163 - شيراز(163),163 - شيراز(71163),71 - فارس(71)
4628183688,پروژه نرم افزار,عملي,0,3,16341054060,,,وحید صفاری,,10,,1405/06/15 از 08:00 تا 10:00,,كارشناسي پيوسته,حضوري,ارائه در سطح گروه آموزشی,-,گروه آموزشي کامپيوتر و فناوري اطلاعات(7116330),163 - شيراز(163),163 - شيراز(71163),71 - فارس(71)
4628114947,پروژه فناوری اطلاعات,عملي,0,3,16341054059,,,وحید صفاری,,10,,1405/06/15 از 08:00 تا 10:00,,كارشناسي پيوسته,حضوري,ارائه در سطح گروه آموزشی,-,گروه آموزشي کامپيوتر و فناوري اطلاعات(7116330),163 - شيراز(163),163 - شيراز(71163),71 - فارس(71)
4628183688,پروژه نرم افزار,عملي,0,3,16341054058,,,محمد علی تبرزد,,10,,1405/06/15 از 08:00 تا 10:00,,كارشناسي پيوسته,حضوري,ارائه در سطح گروه آموزشی,-,گروه آموزشي کامپيوتر و فناوري اطلاعات(7116330),163 - شيراز(163),163 - شيراز(71163),71 - فارس(71)
4628114947,پروژه فناوری اطلاعات,عملي,0,3,16341054057,,,محمد علی تبرزد,,10,,1405/06/15 از 08:00 تا 10:00,,كارشناسي پيوسته,حضوري,ارائه در سطح گروه آموزشی,-,گروه آموزشي کامپيوتر و فناوري اطلاعات(7116330),163 - شيراز(163),163 - شيراز(71163),71 - فارس(71)
4628183688,پروژه نرم افزار,عملي,0,3,16341054056,,,کاظم براتی مهر,,10,,1405/06/15 از 08:00 تا 10:00,,كارشناسي پيوسته,حضوري,ارائه در سطح گروه آموزشی,-,گروه آموزشي کامپيوتر و فناوري اطلاعات(7116330),163 - شيراز(163),163 - شيراز(71163),71 - فارس(71)
4628114947,پروژه فناوری اطلاعات,عملي,0,3,16341054055,,,کاظم براتی مهر,,10,,1405/06/15 از 08:00 تا 10:00,,كارشناسي پيوسته,حضوري,ارائه در سطح گروه آموزشی,-,گروه آموزشي کامپيوتر و فناوري اطلاعات(7116330),163 - شيراز(163),163 - شيراز(71163),71 - فارس(71)
4628183688,پروژه نرم افزار,عملي,0,3,16341054054,,,صدیقه طاهری,,10,,1405/06/15 از 08:00 تا 10:00,,كارشناسي پيوسته,حضوري,ارائه در سطح گروه آموزشی,-,گروه آموزشي کامپيوتر و فناوري اطلاعات(7116330),163 - شيراز(163),163 - شيراز(71163),71 - فارس(71)
4628114947,پروژه فناوری اطلاعات,عملي,0,3,16341054053,,,صدیقه طاهری,,10,,1405/06/15 از 08:00 تا 10:00,,كارشناسي پيوسته,حضوري,ارائه در سطح گروه آموزشی,-,گروه آموزشي کامپيوتر و فناوري اطلاعات(7116330),163 - شيراز(163),163 - شيراز(71163),71 - فارس(71)
4628183688,پروژه نرم افزار,عملي,0,3,16341054052,,,غلامرضا ستوده,,10,,1405/06/15 از 08:00 تا 10:00,,كارشناسي پيوسته,حضوري,ارائه در سطح گروه آموزشی,-,گروه آموزشي کامپيوتر و فناوري اطلاعات(7116330),163 - شيراز(163),163 - شيراز(71163),71 - فارس(71)
4628114947,پروژه فناوری اطلاعات,عملي,0,3,16341054051,,,غلامرضا ستوده,,10,,1405/06/15 از 08:00 تا 10:00,,كارشناسي پيوسته,حضوري,ارائه در سطح گروه آموزشی,-,گروه آموزشي کامپيوتر و فناوري اطلاعات(7116330),163 - شيراز(163),163 - شيراز(71163),71 - فارس(71)
4628164617,طراحی کامپیوتری سیستمهای دیجیتال,نظري,3,0,16341054048,,چهارشنبه از 07:30 تا 12:00 چهارشنبه از ...,,,55,,1405/06/01 از 10:00 تا 12:00,,كارشناسي پيوسته,حضوري,ارائه در سطح گروه آموزشی,-,گروه آموزشي کامپيوتر و فناوري اطلاعات(7116330),163 - شيراز(163),163 - شيراز(71163),71 - فارس(71)
7000031542,طراحی سیستم های دیجیتال,نظري,3,0,16341054047,,چهارشنبه از 07:30 تا 12:00 چهارشنبه از ...,مرجان افشار,,55,,1405/06/01 از 10:00 تا 12:00,,كارشناسي پيوسته,حضوري,ارائه در سطح گروه آموزشی,-,گروه آموزشي کامپيوتر و فناوري اطلاعات(7116330),163 - شيراز(163),163 - شيراز(71163),71 - فارس(71)
4628151527,مهندسی‌ اینترنت‌,نظري,3,0,16341054046,,شنبه از 07:30 تا 12:00 شنبه از از ...,مسلم رضازاده چگینی,,55,,1405/06/02 از 10:00 تا 12:00,,كارشناسي پيوسته,حضوري,ارائه در سطح گروه آموزشی,-,گروه آموزشي کامپيوتر و فناوري اطلاعات(7116330),163 - شيراز(163),163 - شيراز(71163),71 - فارس(71)
4628153620,نظریه زبان‌ها و ماشین‌ها,نظري,3,0,16341054045,,پنج شنبه از 07:30 تا 12:00 پنج شنبه از ...,,,55,,1405/06/04 از 10:30 تا 12:00,,كارشناسي پيوسته,حضوري,ارائه در سطح گروه آموزشی,-,گروه آموزشي کامپيوتر و فناوري اطلاعات(7116330),163 - شيراز(163),163 - شيراز(71163),71 - فارس(71)
7000031543,نظریه زبان ها و ماشین ها,نظري,3,0,16341054044,,پنج شنبه از 07:30 تا 12:00 پنج شنبه از ...,مریم ابراهیم نژاد,,55,,1405/06/04 از 10:30 تا 12:00,,كارشناسي پيوسته,حضوري,ارائه در سطح گروه آموزشی,-,گروه آموزشي کامپيوتر و فناوري اطلاعات(7116330),163 - شيراز(163),163 - شيراز(71163),71 - فارس(71)
4628102924,آزمایشگاه مهندسی نرم‌افزار,عملي,0,1,16341054041,,چهارشنبه از 07:30 تا 12:00,امین طوسی,,30,,,,كارشناسي پيوسته,حضوري,ارائه در سطح گروه آموزشی,-,گروه آموزشي کامپيوتر و فناوري اطلاعات(7116330),163 - شيراز(163),163 - شيراز(71163),71 - فارس(71)
4628101498,آزمایشگاه شبکه ‌های‌ کامپیوتری‌,عملي,0,1,16341054040,,سه شنبه از 07:30 تا 12:00,امین طوسی,,30,,,,كارشناسي پيوسته,حضوري,ارائه در سطح گروه آموزشی,-,گروه آموزشي کامپيوتر و فناوري اطلاعات(7116330),163 - شيراز(163),163 - شيراز(71163),71 - فارس(71)
4628102246,آزمایشگاه سیستم‌های عامل,عملي,0,1,16341054039,,دوشنبه از 07:30 تا 12:00,امین طوسی,,30,,,,كارشناسي پيوسته,حضوري,ارائه در سطح گروه آموزشی,-,گروه آموزشي کامپيوتر و فناوري اطلاعات(7116330),163 - شيراز(163),163 - شيراز(71163),71 - فارس(71)
4628182893,کارگاه برنامه نویسی مت لب,عملي,0,1,16341054039,,دوشنبه از 07:30 تا 12:00,غلامرضا ستوده,,30,,,,كارشناسي پيوسته,حضوري,ارائه در سطح گروه آموزشی,-,گروه آموزشي کامپيوتر و فناوري اطلاعات(7116330),163 - شيراز(163),163 - شيراز(71163),71 - فارس(71)
4628101485,آزمایشگاه پایگاه داده,عملي,0,1,16341054038,,يكشنبه از 07:30 تا 12:00,غلامرضا ستوده,,30,,,,كارشناسي پيوسته,حضوري,ارائه در سطح گروه آموزشی,-,گروه آموزشي کامپيوتر و فناوري اطلاعات(7116330),163 - شيراز(163),163 - شيراز(71163),71 - فارس(71)
4628181640,آزمایشگاه مدارهای منطقی و معماری کامپیوتر,عملي,0,1,16341054036,,شنبه از 12:30 تا 17:00,محمد علی اسدی,,20,,,,كارشناسي پيوسته,حضوري,ارائه در سطح گروه آموزشی,-,گروه آموزشي کامپيوتر و فناوري اطلاعات(7116330),163 - شيراز(163),163 - شيراز(71163),71 - فارس(71)
4628102126,آزمایشگاه ریزپردازنده,عملي,0,1,16341054037,,شنبه از 07:30 تا 12:00,محمد علی اسدی,,20,,,,كارشناسي پيوسته,حضوري,ارائه در سطح گروه آموزشی,-,گروه آموزشي کامپيوتر و فناوري اطلاعات(7116330),163 - شيراز(163),163 - شيراز(71163),71 - فارس(71)
7000031587,تجارت الکترونیکی,نظري,3,0,16341054035,,دوشنبه از 07:30 تا 12:00 دوشنبه از از ...,,,55,,1405/06/03 از 10:30 تا 12:00,,كارشناسي پيوسته,حضوري,ارائه در سطح گروه آموزشی,-,گروه آموزشي کامپيوتر و فناوري اطلاعات(7116330),163 - شيراز(163),163 - شيراز(71163),71 - فارس(71)
4628171999,سیستمهای اطلاعات مدیریت,نظري,3,0,16341054034,,پنج شنبه از 07:30 تا 12:00 پنج شنبه از ...,,,55,,1405/06/01 از 10:30 تا 12:00,,كارشناسي پيوسته,حضوري,ارائه در سطح گروه آموزشی,-,گروه آموزشي کامپيوتر و فناوري اطلاعات(7116330),163 - شيراز(163),163 - شيراز(71163),71 - فارس(71)
4628143773,مباحث ویژه 1,نظري,3,0,16341054033,,پنج شنبه از 07:30 تا 12:00 پنج شنبه از ...,حامد خداپرست,,55,,1405/06/01 از 10:30 تا 12:00,,كارشناسي پيوسته,حضوري,ارائه در سطح گروه آموزشی,-,گروه آموزشي کامپيوتر و فناوري اطلاعات(7116330),163 - شيراز(163),163 - شيراز(71163),71 - فارس(71)
4628116851,تجارت الکترونیکی,نظري,3,0,16341054032,,دوشنبه از 07:30 تا 12:00 دوشنبه از از ...,حميدرضا عوض دخت,,55,,1405/06/03 از 10:30 تا 12:00,,كارشناسي پيوسته,حضوري,ارائه در سطح گروه آموزشی,-,گروه آموزشي کامپيوتر و فناوري اطلاعات(7116330),163 - شيراز(163),163 - شيراز(71163),71 - فارس(71)
7000031547,سیستم های عامل,نظري,3,0,16341054016,,يكشنبه از 07:30 تا 12:00 يكشنبه از از ...,,,55,,1405/06/05 از 08:00 تا 10:00,,كارشناسي پيوسته,حضوري,ارائه در سطح گروه آموزشی,-,گروه آموزشي کامپيوتر و فناوري اطلاعات(7116330),163 - شيراز(163),163 - شيراز(71163),71 - فارس(71)
4628169362,سیستم های عامل,نظري,3,0,16341054015,,يكشنبه از 07:30 تا 12:00 يكشنبه از از ...,علي فرزانه مهر,,55,,1405/06/05 از 08:00 تا 10:00,,كارشناسي پيوسته,حضوري,ارائه در سطح گروه آموزشی,-,گروه آموزشي کامپيوتر و فناوري اطلاعات(7116330),163 - شيراز(163),163 - شيراز(71163),71 - فارس(71)
7000035096,کارآموزی,عملي,0,2,16341054014,,,امین طوسی,,200,,,,كارشناسي پيوسته,حضوري,ارائه در سطح گروه آموزشی,-,گروه آموزشي کامپيوتر و فناوري اطلاعات(7116330),163 - شيراز(163),163 - شيراز(71163),71 - فارس(71)
4628156372,کارآموزی,كارآموزي,0,1,16341054013,,,امین طوسی,,200,,,,كارشناسي پيوسته,حضوري,ارائه در سطح گروه آموزشی,-,گروه آموزشي کامپيوتر و فناوري اطلاعات(7116330),163 - شيراز(163),163 - شيراز(71163),71 - فارس(71)
7000039905,پروژه,عملي,0,3,16341054012,,,امین طوسی,,200,,,,كارشناسي پيوسته,حضوري,ارائه در سطح گروه آموزشی,-,گروه آموزشي کامپيوتر و فناوري اطلاعات(7116330),163 - شيراز(163),163 - شيراز(71163),71 - فارس(71)
4628114947,پروژه فناوری اطلاعات,عملي,0,3,16341054011,,,امین طوسی,,200,,,,كارشناسي پيوسته,حضوري,ارائه در سطح گروه آموزشی,-,گروه آموزشي کامپيوتر و فناوري اطلاعات(7116330),163 - شيراز(163),163 - شيراز(71163),71 - فارس(71)
4628183688,پروژه نرم افزار,عملي,0,3,16341054010,,,امین طوسی,,200,,,,كارشناسي پيوسته,حضوري,ارائه در سطح گروه آموزشی,-,گروه آموزشي کامپيوتر و فناوري اطلاعات(7116330),163 - شيراز(163),163 - شيراز(71163),71 - فارس(71)
7000031550,شبکه های کامپیوتری,نظري,3,0,16341054009,,پنج شنبه از 07:30 تا 12:00 پنج شنبه از ...,,,55,,1405/06/05 از 08:00 تا 10:00,,كارشناسي پيوسته,حضوري,ارائه در سطح گروه آموزشی,-,گروه آموزشي کامپيوتر و فناوري اطلاعات(7116330),163 - شيراز(163),163 - شيراز(71163),71 - فارس(71)
4628135451,شبکه‌های کامپیوتری,نظري,3,0,16341054008,,پنج شنبه از 07:30 تا 12:00 پنج شنبه از ...,محمد بانشی,,55,,1405/06/05 از 08:00 تا 10:00,,كارشناسي پيوسته,حضوري,ارائه در سطح گروه آموزشی,-,گروه آموزشي کامپيوتر و فناوري اطلاعات(7116330),163 - شيراز(163),163 - شيراز(71163),71 - فارس(71)
7000031560,سیگنال ها و سیستم ها,نظري,3,0,16341054007,,چهارشنبه از 07:30 تا 12:00 چهارشنبه از ...,,,55,,1405/06/04 از 08:00 تا 10:00,,كارشناسي پيوسته,حضوري,ارائه در سطح گروه آموزشی,-,گروه آموزشي کامپيوتر و فناوري اطلاعات(7116330),163 - شيراز(163),163 - شيراز(71163),71 - فارس(71)
4628135313,سیگنال ها و سیستم ها,نظري,3,0,16341054006,,چهارشنبه از 07:30 تا 12:00 چهارشنبه از ...,پريسا رزاقي,,55,,1405/06/04 از 08:00 تا 10:00,,كارشناسي پيوسته,حضوري,ارائه در سطح گروه آموزشی,-,گروه آموزشي کامپيوتر و فناوري اطلاعات(7116330),163 - شيراز(163),163 - شيراز(71163),71 - فارس(71)
4628130341,ریزپردازنده و زبان اسمبلی,نظري,3,0,16341054005,,سه شنبه از 07:30 تا 12:00 سه شنبه از ...,محمد هاشم ايمانپور,,55,,1405/06/03 از 08:00 تا 10:00,,كارشناسي پيوسته,حضوري,ارائه در سطح گروه آموزشی,-,گروه آموزشي کامپيوتر و فناوري اطلاعات(7116330),163 - شيراز(163),163 - شيراز(71163),71 - فارس(71)
4628127605,روش پژوهش و ارایه,نظري,2,0,16341054004,,دوشنبه از 07:30 تا 12:00 دوشنبه از از ...,,,55,,1405/06/02 از 08:00 تا 10:00,,كارشناسي پيوسته,حضوري,ارائه در سطح گروه آموزشی,-,گروه آموزشي کامپيوتر و فناوري اطلاعات(7116330),163 - شيراز(163),163 - شيراز(71163),71 - فارس(71)
7000031548,روش پژوهش و ارائه,نظري,3,0,16341054003,,دوشنبه از 07:30 تا 12:00 دوشنبه از از ...,هادي رحيم بيگي چگيني,,55,,1405/06/02 از 08:00 تا 10:00,,كارشناسي پيوسته,حضوري,ارائه در سطح گروه آموزشی,-,گروه آموزشي کامپيوتر و فناوري اطلاعات(7116330),163 - شيراز(163),163 - شيراز(71163),71 - فارس(71)
7000031545,هوش مصنوعی,نظري,3,0,16341054002,,يكشنبه از 07:30 تا 12:00 يكشنبه از از ...,,,55,,1405/06/01 از 08:00 تا 10:00,,كارشناسي پيوسته,حضوري,ارائه در سطح گروه آموزشی,-,گروه آموزشي کامپيوتر و فناوري اطلاعات(7116330),163 - شيراز(163),163 - شيراز(71163),71 - فارس(71)
4628155511,هوش مصنوعی و سیستم های خبره,نظري,3,0,16341054001,,يكشنبه از 07:30 تا 12:00 يكشنبه از از ...,اصغر جاهد,,55,,1405/06/01 از 08:00 تا 10:00,,كارشناسي پيوسته,حضوري,ارائه در سطح گروه آموزشی,-,گروه آموزشي کامپيوتر و فناوري اطلاعات(7116330),163 - شيراز(163),163 - شيراز(71163),71 - فارس(71)
6138114704,پروژه,عملي,0,3,88825,,,علی حسینی,,3,,,,كارشناسي ناپيوسته,حضوري,ارائه در سطح گروه آموزشی,-,گروه آموزشي کامپيوتر و فناوري اطلاعات(7116330),163 - شيراز(163),163 - شيراز(71163),71 - فارس(71)
6138114704,پروژه,عملي,0,3,88824,,,محبوبه اقتصاد,,5,,,,كارشناسي ناپيوسته,حضوري,ارائه در سطح گروه آموزشی,-,گروه آموزشي کامپيوتر و فناوري اطلاعات(7116330),163 - شيراز(163),163 - شيراز(71163),71 - فارس(71)
6138114704,پروژه,عملي,0,3,88823,,,زهراسادات عصایی معمم,,5,,,,كارشناسي ناپيوسته,حضوري,ارائه در سطح گروه آموزشی,-,گروه آموزشي کامپيوتر و فناوري اطلاعات(7116330),163 - شيراز(163),163 - شيراز(71163),71 - فارس(71)
6138114704,پروژه,عملي,0,3,88822,,,زهرا مقصود زاده,,5,,,,كارشناسي ناپيوسته,حضوري,ارائه در سطح گروه آموزشی,-,گروه آموزشي کامپيوتر و فناوري اطلاعات(7116330),163 - شيراز(163),163 - شيراز(71163),71 - فارس(71)
6138156372,کارآموزی,كارآموزي,0,2,88815,,,علی حسینی,,3,,,,كارشناسي ناپيوسته,حضوري,ارائه در سطح گروه آموزشی,-,گروه آموزشي کامپيوتر و فناوري اطلاعات(7116330),163 - شيراز(163),163 - شيراز(71163),71 - فارس(71)
6138156372,کارآموزی,كارآموزي,0,2,88814,,,محبوبه اقتصاد,,5,,,,كارشناسي ناپيوسته,حضوري,ارائه در سطح گروه آموزشی,-,گروه آموزشي کامپيوتر و فناوري اطلاعات(7116330),163 - شيراز(163),163 - شيراز(71163),71 - فارس(71)
6138156372,کارآموزی,كارآموزي,0,2,88813,,,زهراسادات عصایی معمم,,5,,,,كارشناسي ناپيوسته,حضوري,ارائه در سطح گروه آموزشی,-,گروه آموزشي کامپيوتر و فناوري اطلاعات(7116330),163 - شيراز(163),163 - شيراز(71163),71 - فارس(71)
6138156372,کارآموزی,كارآموزي,0,2,88812,,,زهرا مقصود زاده,,5,,,,كارشناسي ناپيوسته,حضوري,ارائه در سطح گروه آموزشی,-,گروه آموزشي کامپيوتر و فناوري اطلاعات(7116330),163 - شيراز(163),163 - شيراز(71163),71 - فارس(71)
99083,انس با قرآن کریم,نظري,1,0,163811002,,دوشنبه از 12:30 تا 17:30,ژاله سلطانی سروستانی,,25,,1405/06/01 از 14:30 تا 15:30,,كارشناسي پيوسته,حضوري,ارائه در سطح دانشکده,-,گروه آموزشي دروس عمومي(7116399),163 - شيراز(163),163 - شيراز(71163),71 - فارس(71)
99083,انس با قرآن کریم,نظري,1,0,163811001,,دوشنبه از 07:15 تا 12:15,ژاله سلطانی سروستانی,,25,,1405/06/01 از 14:30 تا 15:30,,كارشناسي پيوسته,حضوري,ارائه در سطح دانشکده,-,گروه آموزشي دروس عمومي(7116399),163 - شيراز(163),163 - شيراز(71163),71 - فارس(71)
99073,اندیشه های امامین انقلاب اسلامی و وصایای حضرت امام خمینی(ره),نظري,1,0,1639907308,خواهران,يكشنبه از 12:30 تا 17:30,ژيلا عباسي,,45,,1405/06/04 از 13:00 تا 14:00,علوم انسانی-208,كارشناسي پيوسته,حضوري,ارائه در سطح دانشکده,-,گروه آموزشي دروس عمومي(7116399),163 - شيراز(163),163 - شيراز(71163),71 - فارس(71)
98961,اخلاق اسلامی (مبانی و مفاهیم),نظري,2,0,1639896109,برادران,يكشنبه از 12:30 تا 17:30,صدراله جمشیدی,,45,,1405/06/02 از 13:00 تا 14:00,علوم انسانی-206,كارشناسي پيوسته,حضوري,ارائه در سطح دانشکده,-,گروه آموزشي دروس عمومي(7116399),163 - شيراز(163),163 - شيراز(71163),71 - فارس(71)
98961,اخلاق اسلامی (مبانی و مفاهیم),نظري,2,0,1639896108,خواهران,يكشنبه از 07:15 تا 12:15,صدراله جمشیدی,,45,,1405/06/02 از 13:00 تا 14:00,علوم انسانی-206,كارشناسي پيوسته,حضوري,ارائه در سطح دانشکده,-,گروه آموزشي دروس عمومي(7116399),163 - شيراز(163),163 - شيراز(71163),71 - فارس(71)
90610,اندیشه اسلامی 1 (مبدا ومعاد),نظري,2,0,1639061006,خواهران,يكشنبه از 12:30 تا 17:30,اسداله مصطفی پور,,45,,1405/06/05 از 13:00 تا 14:00,علوم انسانی-205,كارشناسي پيوسته,حضوري,ارائه در سطح دانشکده,-,گروه آموزشي دروس عمومي(7116399),163 - شيراز(163),163 - شيراز(71163),71 - فارس(71)
90610,اندیشه اسلامی 1 (مبدا ومعاد),نظري,2,0,1639061005,برادران,يكشنبه از 07:15 تا 12:15,اسداله مصطفی پور,,45,,1405/06/05 از 13:00 تا 14:00,علوم انسانی-205,كارشناسي پيوسته,حضوري,ارائه در سطح دانشکده,-,گروه آموزشي دروس عمومي(7116399),163 - شيراز(163),163 - شيراز(71163),71 - فارس(71)
90610,اندیشه اسلامی 1 (مبدا ومعاد),نظري,2,0,1639061004,خواهران,يكشنبه از 12:30 تا 17:30,محمدرضا حبیبی مهر,,45,,1405/06/05 از 13:00 تا 14:00,علوم انسانی-114,كارشناسي پيوسته,حضوري,ارائه در سطح دانشکده,-,گروه آموزشي دروس عمومي(7116399),163 - شيراز(163),163 - شيراز(71163),71 - فارس(71)
90610,اندیشه اسلامی 1 (مبدا ومعاد),نظري,2,0,1639061003,برادران,يكشنبه از 07:15 تا 12:15,محمدرضا حبیبی مهر,,45,,1405/06/05 از 13:00 تا 14:00,علوم انسانی-114,كارشناسي پيوسته,حضوري,ارائه در سطح دانشکده,-,گروه آموزشي دروس عمومي(7116399),163 - شيراز(163),163 - شيراز(71163),71 - فارس(71)
90610,اندیشه اسلامی 1 (مبدا ومعاد),نظري,2,0,1639061002,برادران,شنبه از 12:30 تا 17:30,عليرضا علي زاده,,45,,1405/06/05 از 13:00 تا 14:00,علوم انسانی-114,كارشناسي پيوسته,حضوري,ارائه در سطح دانشکده,-,گروه آموزشي دروس عمومي(7116399),163 - شيراز(163),163 - شيراز(71163),71 - فارس(71)
90610,اندیشه اسلامی 1 (مبدا ومعاد),نظري,2,0,1639061001,خواهران,شنبه از 07:15 تا 12:15,عليرضا علي زاده,,45,,1405/06/05 از 13:00 تا 14:00,علوم انسانی-114,كارشناسي پيوسته,حضوري,ارائه در سطح دانشکده,-,گروه آموزشي دروس عمومي(7116399),163 - شيراز(163),163 - شيراز(71163),71 - فارس(71)
99073,اندیشه های امامین انقلاب اسلامی و وصایای حضرت امام خمینی(ره),نظري,1,0,1639907305,برادران,يكشنبه از 12:30 تا 17:30,امیرعلی بنی احمد,,45,,1405/06/04 از 13:00 تا 14:00,علوم انسانی-113,كارشناسي پيوسته,حضوري,ارائه در سطح دانشکده,-,گروه آموزشي دروس عمومي(7116399),163 - شيراز(163),163 - شيراز(71163),71 - فارس(71)
99073,اندیشه های امامین انقلاب اسلامی و وصایای حضرت امام خمینی(ره),نظري,1,0,1639907303,برادران,شنبه از 12:30 تا 17:30,امیرعلی بنی احمد,,45,,1405/06/04 از 13:00 تا 14:00,علوم انسانی-113,كارشناسي پيوسته,حضوري,ارائه در سطح دانشکده,-,گروه آموزشي دروس عمومي(7116399),163 - شيراز(163),163 - شيراز(71163),71 - فارس(71)
99073,اندیشه های امامین انقلاب اسلامی و وصایای حضرت امام خمینی(ره),نظري,1,0,1639907302,حواهران,يكشنبه از 12:30 تا 17:30,مرضیه امیدی,,45,,1405/06/04 از 13:00 تا 14:00,علوم انسانی-108,كارشناسي پيوسته,حضوري,ارائه در سطح دانشکده,-,گروه آموزشي دروس عمومي(7116399),163 - شيراز(163),163 - شيراز(71163),71 - فارس(71)
99073,اندیشه های امامین انقلاب اسلامی و وصایای حضرت امام خمینی(ره),نظري,1,0,1639907301,خواهران,شنبه از 12:30 تا 17:30,مرضیه امیدی,,45,,1405/06/04 از 13:00 تا 14:00,علوم انسانی-108,كارشناسي پيوسته,حضوري,ارائه در سطح دانشکده,-,گروه آموزشي دروس عمومي(7116399),163 - شيراز(163),163 - شيراز(71163),71 - فارس(71)
98961,اخلاق اسلامی (مبانی و مفاهیم),نظري,2,0,1639896106,برادران,يكشنبه از 12:30 تا 17:30,سیدمحمدحسین معزی,,45,,1405/06/02 از 13:00 تا 14:00,علوم انسانی-111,كارشناسي پيوسته,حضوري,ارائه در سطح دانشکده,-,گروه آموزشي دروس عمومي(7116399),163 - شيراز(163),163 - شيراز(71163),71 - فارس(71)
90128,دانش خانواده و جمعیت,نظري,2,0,1639012805,خواهران,يكشنبه از 12:30 تا 17:30,ژاله سلطانی سروستانی,,45,,1405/06/03 از 13:00 تا 14:00,علوم انسانی-110,كارشناسي پيوسته,حضوري,ارائه در سطح دانشکده,-,گروه آموزشي دروس عمومي(7116399),163 - شيراز(163),163 - شيراز(71163),71 - فارس(71)
90128,دانش خانواده و جمعیت,نظري,2,0,1639012804,خواهران,يكشنبه از 07:15 تا 12:15,ژاله سلطانی سروستانی,,45,,1405/06/03 از 13:00 تا 14:00,علوم انسانی-110,كارشناسي پيوسته,حضوري,ارائه در سطح دانشکده,-,گروه آموزشي دروس عمومي(7116399),163 - شيراز(163),163 - شيراز(71163),71 - فارس(71)
90128,دانش خانواده و جمعیت,نظري,2,0,1639012803,خواهران,شنبه از 12:30 تا 17:30,ژاله سلطانی سروستانی,,45,,1405/06/03 از 13:00 تا 14:00,علوم انسانی-110,كارشناسي پيوسته,حضوري,ارائه در سطح دانشکده,-,گروه آموزشي دروس عمومي(7116399),163 - شيراز(163),163 - شيراز(71163),71 - فارس(71)
90128,دانش خانواده و جمعیت,نظري,2,0,1639012802,خواهران,شنبه از 07:15 تا 12:15,ژاله سلطانی سروستانی,,45,,1405/06/03 از 13:00 تا 14:00,علوم انسانی-110,كارشناسي ناپيوسته,حضوري,ارائه در سطح دانشکده,-,گروه آموزشي دروس عمومي(7116399),163 - شيراز(163),163 - شيراز(71163),71 - فارس(71)
90128,دانش خانواده و جمعیت,نظري,2,0,1639010201,برادران,پنج شنبه از 12:30 تا 17:30,عليرضا خنشا,,45,,1405/06/03 از 13:00 تا 14:00,علوم انسانی-106,كارشناسي پيوسته,حضوري,ارائه در سطح دانشکده,-,گروه آموزشي دروس عمومي(7116399),163 - شيراز(163),163 - شيراز(71163),71 - فارس(71)
98961,اخلاق اسلامی (مبانی و مفاهیم),نظري,2,0,1639896104,خواهران,چهارشنبه از 12:30 تا 17:30,عليرضا خنشا,,45,,1405/06/02 از 13:00 تا 14:00,علوم انسانی-109,كارشناسي پيوسته,حضوري,ارائه در سطح دانشکده,-,گروه آموزشي دروس عمومي(7116399),163 - شيراز(163),163 - شيراز(71163),71 - فارس(71)
98961,اخلاق اسلامی (مبانی و مفاهیم),نظري,2,0,1639896102,خواهران,شنبه از 12:30 تا 17:30,محمد جواد رحمانی,,45,,1405/06/02 از 13:00 تا 14:00,علوم انسانی-105,كارشناسي پيوسته,حضوري,ارائه در سطح دانشکده,-,گروه آموزشي دروس عمومي(7116399),163 - شيراز(163),163 - شيراز(71163),71 - فارس(71)
98961,اخلاق اسلامی (مبانی و مفاهیم),نظري,2,0,1639896101,برادران,شنبه از 07:15 تا 12:30,محمد جواد رحمانی,,50,,1405/06/02 از 13:00 تا 14:00,علوم انسانی-105,كارشناسي پيوسته,حضوري,ارائه در سطح دانشکده,-,گروه آموزشي دروس عمومي(7116399),163 - شيراز(163),163 - شيراز(71163),71 - فارس(71)
7000035438,علوم و معارف دفاع مقدس و مقاومت,نظري,2,0,163700015,خواهران,يكشنبه از 12:30 تا 17:30,فرود کشاورز,,50,,1405/06/01 از 13:00 تا 14:00,علوم انسانی-8,كارشناسي پيوسته,حضوري,ارائه در سطح دانشکده,-,گروه آموزشي دروس عمومي(7116399),163 - شيراز(163),163 - شيراز(71163),71 - فارس(71)
7000035438,علوم و معارف دفاع مقدس و مقاومت,نظري,2,0,163700014,خواهران,يكشنبه از 07:15 تا 12:15,فرود کشاورز,,50,,1405/06/01 از 13:00 تا 14:00,علوم انسانی-8,كارشناسي پيوسته,حضوري,ارائه در سطح دانشکده,-,گروه آموزشي دروس عمومي(7116399),163 - شيراز(163),163 - شيراز(71163),71 - فارس(71)
7000035438,علوم و معارف دفاع مقدس و مقاومت,نظري,2,0,163700011,برادران,يكشنبه از 12:30 تا 17:30,محمد آزاد,,50,,1405/06/01 از 13:00 تا 14:00,علوم انسانی-9,كارشناسي پيوسته,حضوري,ارائه در سطح دانشکده,-,گروه آموزشي دروس عمومي(7116399),163 - شيراز(163),163 - شيراز(71163),71 - فارس(71)
7000035438,علوم و معارف دفاع مقدس و مقاومت,نظري,2,0,163700010,خواهران,شنبه از 12:30 تا 17:30,محمد آزاد,,50,,1405/06/01 از 13:00 تا 14:00,علوم انسانی-9,كارشناسي پيوسته,حضوري,ارائه در سطح دانشکده,-,گروه آموزشي دروس عمومي(7116399),163 - شيراز(163),163 - شيراز(71163),71 - فارس(71)
90180,زبان خارجی,نظري,3,0,4043003,,شنبه از 07:30 تا 12:00 شنبه از از ...,نگار سیف زاده,,55,,1405/06/02 از 13:00 تا 14:00,علوم انسانی-205,کاردانی پیوسته,حضوري,ارائه در سطح دانشکده,-,گروه آموزشي دروس عمومي(7116399),163 - شيراز(163),163 - شيراز(71163),71 - فارس(71)
55004,زبان انگلیسی (پیش نیاز دانشگاهی),نظري,2,0,4043001,,دوشنبه از 12:30 تا 17:30,سحر استركي,,55,,1405/06/01 از 13:00 تا 14:00,علوم انسانی-208,كارشناسي پيوسته,حضوري,ارائه در سطح دانشکده,-,گروه آموزشي دروس عمومي(7116399),163 - شيراز(163),163 - شيراز(71163),71 - فارس(71)
99079,تربیت بدنی,نظري_عملي,0.5,0.5,9,برادران -,يكشنبه از 13:30 تا 16:30,محمد یزدان پناه,,25,,1405/05/31 از 08:00 تا 10:00,,كارشناسي پيوسته,حضوري,ارائه در سطح دانشکده,-,گروه آموزشي دروس عمومي(7116399),163 - شيراز(163),163 - شيراز(71163),71 - فارس(71)
99079,تربیت بدنی,نظري_عملي,0.5,0.5,14,خواهران,دوشنبه از 10:30 تا 13:30,سعيده فروغي رودبالي,,25,,1405/05/31 از 08:00 تا 10:00,163 - شيراز- ورزشی توانا سالن ب,كارشناسي پيوسته,حضوري,ارائه در سطح دانشکده,-,گروه آموزشي دروس عمومي(7116399),163 - شيراز(163),163 - شيراز(71163),71 - فارس(71)
99079,تربیت بدنی,نظري_عملي,0.5,0.5,13,,دوشنبه از 07:30 تا 10:30,سعيده فروغي رودبالي,,25,,1405/05/31 از 08:00 تا 10:00,163 - شيراز- ورزشی توانا سالن ب,كارشناسي پيوسته,حضوري,ارائه در سطح دانشکده,-,گروه آموزشي دروس عمومي(7116399),163 - شيراز(163),163 - شيراز(71163),71 - فارس(71)
99062,ورزش 1,عملي,0,1,18,خواهران,دوشنبه از 10:30 تا 13:30,مریم خیرده,,25,,1405/06/01 از 08:00 تا 10:00,163 - شيراز- ورزشی توانا سالن الف,كارشناسي پيوسته,حضوري,ارائه در سطح دانشکده,-,گروه آموزشي دروس عمومي(7116399),163 - شيراز(163),163 - شيراز(71163),71 - فارس(71)
99062,ورزش 1,عملي,0,1,17,خواهران,دوشنبه از 07:30 تا 10:30,مریم خیرده,,25,,1405/06/01 از 08:00 تا 10:00,163 - شيراز- ورزشی توانا سالن الف,كارشناسي پيوسته,حضوري,ارائه در سطح دانشکده,-,گروه آموزشي دروس عمومي(7116399),163 - شيراز(163),163 - شيراز(71163),71 - فارس(71)
98961,اخلاق اسلامی (مبانی و مفاهیم),نظري,2,0,1639896116,خواهران,پنج شنبه از 07:15 تا 12:15,سید روح اله صادقیان,,50,,1405/06/02 از 13:00 تا 14:00,اقتصاد ومدیریت-106,كارشناسي پيوسته,حضوري,ارائه در سطح دانشکده,-,گروه آموزشي دروس عمومي(7116399),163 - شيراز(163),163 - شيراز(71163),71 - فارس(71)
98961,اخلاق اسلامی (مبانی و مفاهیم),نظري,2,0,1639896115,برادران,چهارشنبه از 07:15 تا 12:15,سید روح اله صادقیان,,50,,1405/06/02 از 13:00 تا 14:00,اقتصاد ومدیریت-106,كارشناسي پيوسته,حضوري,ارائه در سطح دانشکده,-,گروه آموزشي دروس عمومي(7116399),163 - شيراز(163),163 - شيراز(71163),71 - فارس(71)
7000035438,علوم و معارف دفاع مقدس و مقاومت,نظري,2,0,163700029,برادران,دوشنبه از 12:30 تا 17:30,خسرو شمسایی,,50,,1405/06/01 از 13:00 تا 14:00,اقتصاد ومدیریت-106,كارشناسي پيوسته,حضوري,ارائه در سطح دانشکده,-,گروه آموزشي دروس عمومي(7116399),163 - شيراز(163),163 - شيراز(71163),71 - فارس(71)
7000035438,علوم و معارف دفاع مقدس و مقاومت,نظري,2,0,163700025,خواهران,دوشنبه از 07:15 تا 12:15,خسرو شمسایی,,50,,1405/06/01 از 13:00 تا 14:00,اقتصاد ومدیریت-106,كارشناسي پيوسته,حضوري,ارائه در سطح دانشکده,-,گروه آموزشي دروس عمومي(7116399),163 - شيراز(163),163 - شيراز(71163),71 - فارس(71)
7000035438,علوم و معارف دفاع مقدس و مقاومت,نظري,2,0,163700026,برادران,شنبه از 12:30 تا 17:30,خسرو شمسایی,,50,,1405/06/01 از 13:00 تا 14:00,اقتصاد ومدیریت-106,كارشناسي پيوسته,حضوري,ارائه در سطح دانشکده,-,گروه آموزشي دروس عمومي(7116399),163 - شيراز(163),163 - شيراز(71163),71 - فارس(71)
7000035438,علوم و معارف دفاع مقدس و مقاومت,نظري,2,0,163700027,خواهران,شنبه از 07:15 تا 12:15,خسرو شمسایی,,50,,1405/06/01 از 13:00 تا 14:00,علوم انسانی-106,كارشناسي پيوسته,حضوري,ارائه در سطح دانشکده,-,گروه آموزشي دروس عمومي(7116399),163 - شيراز(163),163 - شيراز(71163),71 - فارس(71)
7000035438,علوم و معارف دفاع مقدس و مقاومت,نظري,2,0,163700028,برادران,سه شنبه از 07:15 تا 12:15,غلامرضا صفرپور,,50,,1405/06/01 از 13:00 تا 14:00,علوم انسانی-106,كارشناسي پيوسته,حضوري,ارائه در سطح دانشکده,-,گروه آموزشي دروس عمومي(7116399),163 - شيراز(163),163 - شيراز(71163),71 - فارس(71)
7000035438,علوم و معارف دفاع مقدس و مقاومت,نظري,2,0,163700023,خواهران,يكشنبه از 12:30 تا 17:30,غلامرضا صفرپور,,50,,1405/06/01 از 13:00 تا 14:00,اقتصاد ومدیریت-106,كارشناسي پيوسته,حضوري,ارائه در سطح دانشکده,-,گروه آموزشي دروس عمومي(7116399),163 - شيراز(163),163 - شيراز(71163),71 - فارس(71)
7000035438,علوم و معارف دفاع مقدس و مقاومت,نظري,2,0,163700022,برادران,شنبه از 07:15 تا 12:15,غلامرضا صفرپور,,50,,1405/06/01 از 13:00 تا 14:00,علوم انسانی-208,كارشناسي پيوسته,حضوري,ارائه در سطح دانشکده,-,گروه آموزشي دروس عمومي(7116399),163 - شيراز(163),163 - شيراز(71163),71 - فارس(71)
90128,دانش خانواده و جمعیت,نظري,2,0,16390128029,خواهران,شنبه از 12:30 تا 17:30,صدراله جمشیدی,,45,,1405/06/03 از 13:00 تا 14:00,علوم انسانی-209,كارشناسي پيوسته,حضوري,ارائه در سطح دانشکده,-,گروه آموزشي دروس عمومي(7116399),163 - شيراز(163),163 - شيراز(71163),71 - فارس(71)
90128,دانش خانواده و جمعیت,نظري,2,0,1639012824,برادران,شنبه از 07:15 تا 12:15,صدراله جمشیدی,,60,,1405/06/03 از 13:00 تا 14:00,اقتصاد ومدیریت-109,كارشناسي پيوسته,حضوري,ارائه در سطح دانشکده,-,گروه آموزشي دروس عمومي(7116399),163 - شيراز(163),163 - شيراز(71163),71 - فارس(71)
90128,دانش خانواده و جمعیت,نظري,2,0,1639012823,برادران,چهارشنبه از 12:30 تا 17:30,نورمحمد علیپورخشاب,,60,,1405/06/03 از 13:00 تا 14:00,اقتصاد ومدیریت-105,كارشناسي پيوسته,حضوري,ارائه در سطح دانشکده,-,گروه آموزشي دروس عمومي(7116399),163 - شيراز(163),163 - شيراز(71163),71 - فارس(71)
90128,دانش خانواده و جمعیت,نظري,2,0,1639012822,برادران,شنبه از 12:30 تا 17:30,نورمحمد علیپورخشاب,,49,,1405/06/03 از 13:00 تا 14:00,اقتصاد ومدیریت-105,كارشناسي پيوسته,حضوري,ارائه در سطح دانشکده,-,گروه آموزشي دروس عمومي(7116399),163 - شيراز(163),163 - شيراز(71163),71 - فارس(71)
90128,دانش خانواده و جمعیت,نظري,2,0,1639012826,خواهران,پنج شنبه از 12:30 تا 17:30,ژاله سلطانی سروستانی,,49,,1405/06/03 از 13:00 تا 14:00,علوم انسانی-105,كارشناسي پيوسته,حضوري,ارائه در سطح دانشکده,-,گروه آموزشي دروس عمومي(7116399),163 - شيراز(163),163 - شيراز(71163),71 - فارس(71)
90128,دانش خانواده و جمعیت,نظري,2,0,1639012825,خواهران,پنج شنبه از 07:15 تا 12:15,ژاله سلطانی سروستانی,,49,,1405/06/03 از 13:00 تا 14:00,علوم انسانی-105,كارشناسي پيوسته,حضوري,ارائه در سطح دانشکده,-,گروه آموزشي دروس عمومي(7116399),163 - شيراز(163),163 - شيراز(71163),71 - فارس(71)
99062,ورزش 1,عملي,0,1,16,خواهران,يكشنبه از 13:30 تا 16:30,مریم خیرده,,25,,1405/06/01 از 08:00 تا 10:00,163 - شيراز-ورزشی پیروانی سالن الف,كارشناسي پيوسته,حضوري,ارائه در سطح دانشکده,-,گروه آموزشي دروس عمومي(7116399),163 - شيراز(163),163 - شيراز(71163),71 - فارس(71)
99062,ورزش 1,عملي,0,1,15,خواهران,يكشنبه از 10:30 تا 13:30,مریم خیرده,,25,,1405/06/01 از 08:00 تا 10:00,163 - شيراز-ورزشی پیروانی سالن الف,كارشناسي پيوسته,حضوري,ارائه در سطح دانشکده,-,گروه آموزشي دروس عمومي(7116399),163 - شيراز(163),163 - شيراز(71163),71 - فارس(71)
99062,ورزش 1,عملي,0,1,14,خواهران,يكشنبه از 07:30 تا 10:30,مریم خیرده,,25,,1405/06/01 از 08:00 تا 10:00,163 - شيراز-ورزشی پیروانی سالن الف,كارشناسي پيوسته,حضوري,ارائه در سطح دانشکده,-,گروه آموزشي دروس عمومي(7116399),163 - شيراز(163),163 - شيراز(71163),71 - فارس(71)
99079,تربیت بدنی,نظري_عملي,0.5,0.5,12,برادران -,چهارشنبه از 13:30 تا 16:30,فیروز حسینی پور,,25,,1405/05/31 از 08:00 تا 10:00,,كارشناسي پيوسته,حضوري,ارائه در سطح دانشکده,-,گروه آموزشي دروس عمومي(7116399),163 - شيراز(163),163 - شيراز(71163),71 - فارس(71)
99062,ورزش 1,عملي,0,1,13,برادران -,سه شنبه از 13:30 تا 16:30,فیروز حسینی پور,,25,,1405/06/01 از 08:00 تا 10:00,,كارشناسي پيوسته,حضوري,ارائه در سطح دانشکده,-,گروه آموزشي دروس عمومي(7116399),163 - شيراز(163),163 - شيراز(71163),71 - فارس(71)
99062,ورزش 1,عملي,0,1,12,برادران -,سه شنبه از 13:30 تا 16:30,محمد یزدان پناه,,25,,1405/06/01 از 08:00 تا 10:00,163 - شيراز-ورزشی پیروانی سالن ب,كارشناسي پيوسته,حضوري,ارائه در سطح دانشکده,-,گروه آموزشي دروس عمومي(7116399),163 - شيراز(163),163 - شيراز(71163),71 - فارس(71)
99062,ورزش 1,عملي,0,1,11,برادران -,سه شنبه از 13:30 تا 16:30,سيدابوالقاسم صدري,,25,,1405/06/01 از 08:00 تا 10:00,163 - شيراز-ورزشی پیروانی سالن الف,كارشناسي پيوسته,حضوري,ارائه در سطح دانشکده,-,گروه آموزشي دروس عمومي(7116399),163 - شيراز(163),163 - شيراز(71163),71 - فارس(71)
99079,تربیت بدنی,نظري_عملي,0.5,0.5,10,برادران -,دوشنبه از 13:30 تا 16:30,فیروز حسینی پور,,25,,1405/05/31 از 08:00 تا 10:00,163 - شيراز-ورزشی پیروانی سالن ب,كارشناسي پيوسته,حضوري,ارائه در سطح دانشکده,-,گروه آموزشي دروس عمومي(7116399),163 - شيراز(163),163 - شيراز(71163),71 - فارس(71)
99079,تربیت بدنی,نظري_عملي,0.5,0.5,8,برادران -,دوشنبه از 13:30 تا 16:30,هيبت اله رحيمي مهکويه,,25,,1405/05/31 از 08:00 تا 10:00,163 - شيراز-ورزشی پیروانی سالن الف,كارشناسي پيوسته,حضوري,ارائه در سطح دانشکده,-,گروه آموزشي دروس عمومي(7116399),163 - شيراز(163),163 - شيراز(71163),71 - فارس(71)
99062,ورزش 1,عملي,0,1,10,برادران -,دوشنبه از 13:30 تا 16:30,سيدابوالقاسم صدري,,25,,1405/06/01 از 08:00 تا 10:00,163 - شيراز- ورزشی توانا سالن ب,كارشناسي پيوسته,حضوري,ارائه در سطح دانشکده,-,گروه آموزشي دروس عمومي(7116399),163 - شيراز(163),163 - شيراز(71163),71 - فارس(71)
99062,ورزش 1,عملي,0,1,9,برادران -,دوشنبه از 13:30 تا 16:30,محمد یزدان پناه,,25,,1405/06/01 از 08:00 تا 10:00,,كارشناسي پيوسته,حضوري,ارائه در سطح دانشکده,-,گروه آموزشي دروس عمومي(7116399),163 - شيراز(163),163 - شيراز(71163),71 - فارس(71)
99062,ورزش 1,عملي,0,1,8,برادران -,يكشنبه از 13:30 تا 16:30,هيبت اله رحيمي مهکويه,,25,,1405/06/01 از 08:00 تا 10:00,163 - شيراز-ورزشی پیروانی سالن ب,كارشناسي پيوسته,حضوري,ارائه در سطح دانشکده,-,گروه آموزشي دروس عمومي(7116399),163 - شيراز(163),163 - شيراز(71163),71 - فارس(71)
99073,اندیشه های امامین انقلاب اسلامی و وصایای حضرت امام خمینی(ره),نظري,1,0,1634000105,برادران,دوشنبه از 07:15 تا 12:15,عبدالرسول خسروبیگ,,45,,1405/06/04 از 13:00 تا 14:00,علوم انسانی-105,كارشناسي پيوسته,حضوري,ارائه در سطح دانشکده,-,گروه آموزشي دروس عمومي(7116399),163 - شيراز(163),163 - شيراز(71163),71 - فارس(71)
99073,اندیشه های امامین انقلاب اسلامی و وصایای حضرت امام خمینی(ره),نظري,1,0,1639907344,برادران,يكشنبه از 07:15 تا 12:15,عبدالرسول خسروبیگ,,45,,1405/06/04 از 13:00 تا 14:00,,كارشناسي پيوسته,حضوري,ارائه در سطح دانشکده,-,گروه آموزشي دروس عمومي(7116399),163 - شيراز(163),163 - شيراز(71163),71 - فارس(71)
90128,دانش خانواده و جمعیت,نظري,2,0,1639012835,خواهران,چهارشنبه از 07:15 تا 12:15,آزاده زینلی,,45,,1405/06/03 از 13:00 تا 14:00,علوم انسانی-105,كارشناسي پيوسته,حضوري,ارائه در سطح دانشکده,-,گروه آموزشي دروس عمومي(7116399),163 - شيراز(163),163 - شيراز(71163),71 - فارس(71)
90128,دانش خانواده و جمعیت,نظري,2,0,1639012834,خواهران,سه شنبه از 07:15 تا 12:15,آزاده زینلی,,45,,1405/06/03 از 13:00 تا 14:00,علوم انسانی-105,كارشناسي پيوسته,حضوري,ارائه در سطح دانشکده,-,گروه آموزشي دروس عمومي(7116399),163 - شيراز(163),163 - شيراز(71163),71 - فارس(71)
90128,دانش خانواده و جمعیت,نظري,2,0,1639012833,خواهران,دوشنبه از 07:15 تا 12:15,آزاده زینلی,,45,,1405/06/03 از 13:00 تا 14:00,اقتصاد ومدیریت-105,كارشناسي پيوسته,حضوري,ارائه در سطح دانشکده,-,گروه آموزشي دروس عمومي(7116399),163 - شيراز(163),163 - شيراز(71163),71 - فارس(71)
90128,دانش خانواده و جمعیت,نظري,2,0,1639012830,خواهران,يكشنبه از 07:15 تا 12:15,آزاده زینلی,,45,,1405/06/03 از 13:00 تا 14:00,اقتصاد ومدیریت-105,كارشناسي پيوسته,حضوري,ارائه در سطح دانشکده,-,گروه آموزشي دروس عمومي(7116399),163 - شيراز(163),163 - شيراز(71163),71 - فارس(71)
99073,اندیشه های امامین انقلاب اسلامی و وصایای حضرت امام خمینی(ره),نظري,1,0,1639907326,برادران - موسوی,پنج شنبه از 07:15 تا 12:15,عبدالرسول خسروبیگ,,45,,1405/06/04 از 13:00 تا 14:00,اقتصاد ومدیریت-005,كارشناسي پيوسته,حضوري,ارائه در سطح دانشکده,-,گروه آموزشي دروس عمومي(7116399),163 - شيراز(163),163 - شيراز(71163),71 - فارس(71)
99073,اندیشه های امامین انقلاب اسلامی و وصایای حضرت امام خمینی(ره),نظري,1,0,1639907325,برادران - موسوی,شنبه از 07:12 تا 12:15,عبدالرسول خسروبیگ,,45,,1405/06/04 از 13:00 تا 14:00,اقتصاد ومدیریت-205,كارشناسي پيوسته,حضوري,ارائه در سطح دانشکده,-,گروه آموزشي دروس عمومي(7116399),163 - شيراز(163),163 - شيراز(71163),71 - فارس(71)
90128,دانش خانواده و جمعیت,نظري,2,0,1639012821,خواهران,دوشنبه از 07:15 تا 12:15,آفتاب جمالی سنگری,,49,,1405/06/02 از 13:00 تا 14:00,اقتصاد ومدیریت-205,كارشناسي پيوسته,حضوري,ارائه در سطح دانشکده,-,گروه آموزشي دروس عمومي(7116399),163 - شيراز(163),163 - شيراز(71163),71 - فارس(71)
90128,دانش خانواده و جمعیت,نظري,2,0,1639012820,خواهران,يكشنبه از 07:15 تا 12:15,آفتاب جمالی سنگری,,45,,1405/06/03 از 13:00 تا 14:00,اقتصاد ومدیریت-205,كارشناسي پيوسته,حضوري,ارائه در سطح دانشکده,-,گروه آموزشي دروس عمومي(7116399),163 - شيراز(163),163 - شيراز(71163),71 - فارس(71)
99073,اندیشه های امامین انقلاب اسلامی و وصایای حضرت امام خمینی(ره),نظري,1,0,1639907318,خواهران,چهارشنبه از 12:30 تا 14:30,مهدی خدارحیمی بوگر,,45,,1405/06/04 از 13:00 تا 14:00,اقتصاد ومدیریت-205,كارشناسي پيوسته,حضوري,ارائه در سطح دانشکده,-,گروه آموزشي دروس عمومي(7116399),163 - شيراز(163),163 - شيراز(71163),71 - فارس(71)
99073,اندیشه های امامین انقلاب اسلامی و وصایای حضرت امام خمینی(ره),نظري,1,0,1639907317,برادران,سه شنبه از 12:30 تا 17:30,مهدی خدارحیمی بوگر,,45,,1405/06/04 از 13:00 تا 14:00,اقتصاد ومدیریت-205,كارشناسي پيوسته,حضوري,ارائه در سطح دانشکده,-,گروه آموزشي دروس عمومي(7116399),163 - شيراز(163),163 - شيراز(71163),71 - فارس(71)
90610,اندیشه اسلامی 1 (مبدا ومعاد),نظري,2,0,1639061016,خواهران,سه شنبه از 07:15 تا 12:15,ثمينه سادات مرشدي,,45,,1405/06/05 از 13:00 تا 14:00,اقتصاد ومدیریت-203(جلسات دفاع),كارشناسي پيوسته,حضوري,ارائه در سطح دانشکده,-,گروه آموزشي دروس عمومي(7116399),163 - شيراز(163),163 - شيراز(71163),71 - فارس(71)
90610,اندیشه اسلامی 1 (مبدا ومعاد),نظري,2,0,1639061015,خواهران,دوشنبه از 07:15 تا 12:15,ثمينه سادات مرشدي,,45,,1405/06/05 از 13:00 تا 14:00,اقتصاد ومدیریت-203(جلسات دفاع),كارشناسي پيوسته,حضوري,ارائه در سطح دانشکده,-,گروه آموزشي دروس عمومي(7116399),163 - شيراز(163),163 - شيراز(71163),71 - فارس(71)
98961,اخلاق اسلامی (مبانی و مفاهیم),نظري,2,0,1639896114,خواهران - موسوی زاده,يكشنبه از 07:15 تا 12:15,سیده فاطمه موسوی,,45,,1405/06/02 از 13:00 تا 14:00,اقتصاد ومدیریت-203(جلسات دفاع),كارشناسي پيوسته,حضوري,ارائه در سطح دانشکده,-,گروه آموزشي دروس عمومي(7116399),163 - شيراز(163),163 - شيراز(71163),71 - فارس(71)
99073,اندیشه های امامین انقلاب اسلامی و وصایای حضرت امام خمینی(ره),نظري,1,0,1639907304,خواهران,سه شنبه از 12:30 تا 17:30,ژيلا عباسي,,45,,1405/06/04 از 13:00 تا 14:00,اقتصاد ومدیریت-203(جلسات دفاع),كارشناسي پيوسته,حضوري,ارائه در سطح دانشکده,-,گروه آموزشي دروس عمومي(7116399),163 - شيراز(163),163 - شيراز(71163),71 - فارس(71)
90128,دانش خانواده و جمعیت,نظري,2,0,1639012814,برادران,شنبه از 07:15 تا 12:15,علی نیکویی,,45,,1405/06/03 از 13:00 تا 14:00,اقتصاد ومدیریت-203(جلسات دفاع),كارشناسي پيوسته,حضوري,ارائه در سطح دانشکده,-,گروه آموزشي دروس عمومي(7116399),163 - شيراز(163),163 - شيراز(71163),71 - فارس(71)
99079,تربیت بدنی,نظري_عملي,0.5,0.5,7,برادران -,شنبه از 13:30 تا 16:30,سيدابوالقاسم صدري,,25,,1405/05/31 از 08:00 تا 10:00,163 - شيراز-ورزشی پیروانی سالن ب,كارشناسي پيوسته,حضوري,ارائه در سطح دانشکده,-,گروه آموزشي دروس عمومي(7116399),163 - شيراز(163),163 - شيراز(71163),71 - فارس(71)
99062,ورزش 1,عملي,0,1,7,برادران -,شنبه از 13:30 تا 16:30,محمد یزدان پناه,,25,,1405/06/01 از 08:00 تا 10:00,163 - شيراز-ورزشی پیروانی سالن الف,كارشناسي پيوسته,حضوري,ارائه در سطح دانشکده,-,گروه آموزشي دروس عمومي(7116399),163 - شيراز(163),163 - شيراز(71163),71 - فارس(71)
99062,ورزش 1,عملي,0,1,6,خواهران,شنبه از 13:30 تا 16:30,فرزانه محتشمی,,25,,1405/06/01 از 08:00 تا 10:00,163 - شيراز- ورزشی توانا سالن ب,كارشناسي پيوسته,حضوري,ارائه در سطح دانشکده,-,گروه آموزشي دروس عمومي(7116399),163 - شيراز(163),163 - شيراز(71163),71 - فارس(71)
99062,ورزش 1,عملي,0,1,5,خواهران,شنبه از 10:30 تا 13:30,فرزانه محتشمی,,25,,1405/06/01 از 08:00 تا 10:00,163 - شيراز- ورزشی توانا سالن ب,كارشناسي پيوسته,حضوري,ارائه در سطح دانشکده,-,گروه آموزشي دروس عمومي(7116399),163 - شيراز(163),163 - شيراز(71163),71 - فارس(71)
99062,ورزش 1,عملي,0,1,4,خواهران,شنبه از 07:30 تا 10:30,فرزانه محتشمی,,25,,1405/06/01 از 08:00 تا 10:00,163 - شيراز- ورزشی توانا سالن ب,كارشناسي پيوسته,حضوري,ارائه در سطح دانشکده,-,گروه آموزشي دروس عمومي(7116399),163 - شيراز(163),163 - شيراز(71163),71 - فارس(71)
99062,ورزش 1,عملي,0,1,3,خواهران,يكشنبه از 13:30 تا 16:30,فاطمه حميدي داليني,,25,,1405/06/01 از 08:00 تا 10:00,163 - شيراز- ورزشی توانا سالن ب,كارشناسي پيوسته,حضوري,ارائه در سطح دانشکده,-,گروه آموزشي دروس عمومي(7116399),163 - شيراز(163),163 - شيراز(71163),71 - فارس(71)
99062,ورزش 1,عملي,0,1,2,خواهران,يكشنبه از 10:30 تا 13:30,فاطمه حميدي داليني,,25,,1405/06/01 از 08:00 تا 10:00,163 - شيراز- ورزشی توانا سالن ب,كارشناسي پيوسته,حضوري,ارائه در سطح دانشکده,-,گروه آموزشي دروس عمومي(7116399),163 - شيراز(163),163 - شيراز(71163),71 - فارس(71)
99062,ورزش 1,عملي,0,1,1,خواهران,يكشنبه از 07:30 تا 10:30,فاطمه حميدي داليني,,25,,1405/06/01 از 08:00 تا 10:00,163 - شيراز- ورزشی توانا سالن ب,كارشناسي پيوسته,حضوري,ارائه در سطح دانشکده,-,گروه آموزشي دروس عمومي(7116399),163 - شيراز(163),163 - شيراز(71163),71 - فارس(71)
99079,تربیت بدنی,نظري_عملي,0.5,0.5,6,خواهران,يكشنبه از 13:30 تا 16:30,مريم تعقل,,25,,1405/05/31 از 08:00 تا 10:00,163 - شيراز- ورزشی توانا سالن الف,كارشناسي پيوسته,حضوري,ارائه در سطح دانشکده,-,گروه آموزشي دروس عمومي(7116399),163 - شيراز(163),163 - شيراز(71163),71 - فارس(71)
99079,تربیت بدنی,نظري_عملي,0.5,0.5,5,خواهران,يكشنبه از 10:30 تا 13:30,مريم تعقل,,25,,1405/05/31 از 08:00 تا 10:00,163 - شيراز- ورزشی توانا سالن الف,كارشناسي پيوسته,حضوري,ارائه در سطح دانشکده,-,گروه آموزشي دروس عمومي(7116399),163 - شيراز(163),163 - شيراز(71163),71 - فارس(71)
99079,تربیت بدنی,نظري_عملي,0.5,0.5,4,خواهران,يكشنبه از 07:30 تا 10:30,مريم تعقل,,25,,1405/05/31 از 08:00 تا 10:00,163 - شيراز- ورزشی توانا سالن الف,كارشناسي پيوسته,حضوري,ارائه در سطح دانشکده,-,گروه آموزشي دروس عمومي(7116399),163 - شيراز(163),163 - شيراز(71163),71 - فارس(71)
99079,تربیت بدنی,نظري_عملي,0.5,0.5,3,خواهران,شنبه از 13:30 تا 16:30,معصومه بگياسا,,25,,1405/05/31 از 08:00 تا 10:00,163 - شيراز- ورزشی توانا سالن الف,كارشناسي پيوسته,حضوري,ارائه در سطح دانشکده,-,گروه آموزشي دروس عمومي(7116399),163 - شيراز(163),163 - شيراز(71163),71 - فارس(71)
99079,تربیت بدنی,نظري_عملي,0.5,0.5,2,خواهران,شنبه از 10:30 تا 13:30,معصومه بگياسا,,25,,1405/05/31 از 08:00 تا 10:00,163 - شيراز- ورزشی توانا سالن الف,كارشناسي پيوسته,حضوري,ارائه در سطح دانشکده,-,گروه آموزشي دروس عمومي(7116399),163 - شيراز(163),163 - شيراز(71163),71 - فارس(71)
99079,تربیت بدنی,نظري_عملي,0.5,0.5,11,خواهران,شنبه از 07:30 تا 10:30,معصومه بگياسا,,25,,1405/05/31 از 08:00 تا 10:00,163 - شيراز- ورزشی توانا سالن الف,كارشناسي پيوسته,حضوري,ارائه در سطح دانشکده,-,گروه آموزشي دروس عمومي(7116399),163 - شيراز(163),163 - شيراز(71163),71 - فارس(71)
98961,اخلاق اسلامی (مبانی و مفاهیم),نظري,2,0,1639896113,خواهران,پنج شنبه از 07:15 تا 12:15,فرخ حبیبی مهکویه,,45,,1405/06/02 از 13:00 تا 14:00,اقتصاد ومدیریت-206,كارشناسي پيوسته,حضوري,ارائه در سطح دانشکده,-,گروه آموزشي دروس عمومي(7116399),163 - شيراز(163),163 - شيراز(71163),71 - فارس(71)
98961,اخلاق اسلامی (مبانی و مفاهیم),نظري,2,0,1639896111,خواهران,چهارشنبه از 12:30 تا 17:30,فرخ حبیبی مهکویه,,45,,1405/06/02 از 13:00 تا 14:00,اقتصاد ومدیریت-206,كارشناسي پيوسته,حضوري,ارائه در سطح دانشکده,-,گروه آموزشي دروس عمومي(7116399),163 - شيراز(163),163 - شيراز(71163),71 - فارس(71)
98961,اخلاق اسلامی (مبانی و مفاهیم),نظري,2,0,1639896110,خواهران,چهارشنبه از 07:15 تا 12:15,فرخ حبیبی مهکویه,,45,,1405/06/02 از 13:00 تا 14:00,اقتصاد ومدیریت-206,كارشناسي پيوسته,حضوري,ارائه در سطح دانشکده,-,گروه آموزشي دروس عمومي(7116399),163 - شيراز(163),163 - شيراز(71163),71 - فارس(71)
90128,دانش خانواده و جمعیت,نظري,2,0,1639012811,برادران,سه شنبه از 12:30 تا 17:30,فرخ حبیبی مهکویه,,45,,1405/06/03 از 13:00 تا 14:00,اقتصاد ومدیریت-206,كارشناسي پيوسته,حضوري,ارائه در سطح دانشکده,-,گروه آموزشي دروس عمومي(7116399),163 - شيراز(163),163 - شيراز(71163),71 - فارس(71)
90128,دانش خانواده و جمعیت,نظري,2,0,1639012810,برادران,سه شنبه از 07:15 تا 12:15,فرخ حبیبی مهکویه,,45,,1405/06/03 از 13:00 تا 14:00,اقتصاد ومدیریت-206,كارشناسي پيوسته,حضوري,ارائه در سطح دانشکده,-,گروه آموزشي دروس عمومي(7116399),163 - شيراز(163),163 - شيراز(71163),71 - فارس(71)
90610,اندیشه اسلامی 1 (مبدا ومعاد),نظري,2,0,1639061013,برادران,سه شنبه از 12:30 تا 17:30,محمدرضا حبیبی مهر,,45,,1405/06/05 از 13:00 تا 14:00,اقتصاد ومدیریت-201(جلسات دفاع),كارشناسي پيوسته,حضوري,ارائه در سطح دانشکده,-,گروه آموزشي دروس عمومي(7116399),163 - شيراز(163),163 - شيراز(71163),71 - فارس(71)
90610,اندیشه اسلامی 1 (مبدا ومعاد),نظري,2,0,1639061012,خواهران,سه شنبه از 07:15 تا 12:15,محمدرضا حبیبی مهر,,45,,1405/06/05 از 13:00 تا 14:00,اقتصاد ومدیریت-201(جلسات دفاع),كارشناسي پيوسته,حضوري,ارائه در سطح دانشکده,-,گروه آموزشي دروس عمومي(7116399),163 - شيراز(163),163 - شيراز(71163),71 - فارس(71)
7000035438,علوم و معارف دفاع مقدس و مقاومت,نظري,2,0,163700021,خواهران,يكشنبه از 12:30 تا 17:30,حسن فتحي سرشت,,45,,1405/06/01 از 13:00 تا 14:00,اقتصاد ومدیریت-202,كارشناسي پيوسته,حضوري,ارائه در سطح دانشکده,-,گروه آموزشي دروس عمومي(7116399),163 - شيراز(163),163 - شيراز(71163),71 - فارس(71)
7000035438,علوم و معارف دفاع مقدس و مقاومت,نظري,2,0,163700020,خواهران,يكشنبه از 07:15 تا 12:15,حسن فتحي سرشت,,45,,1405/06/01 از 13:00 تا 14:00,اقتصاد ومدیریت-202,كارشناسي پيوسته,حضوري,ارائه در سطح دانشکده,-,گروه آموزشي دروس عمومي(7116399),163 - شيراز(163),163 - شيراز(71163),71 - فارس(71)
7000035438,علوم و معارف دفاع مقدس و مقاومت,نظري,2,0,163700019,خواهران,شنبه از 12:15 تا 17:30,حسن فتحي سرشت,,45,,1405/06/01 از 13:00 تا 14:00,اقتصاد ومدیریت-102,كارشناسي پيوسته,حضوري,ارائه در سطح دانشکده,-,گروه آموزشي دروس عمومي(7116399),163 - شيراز(163),163 - شيراز(71163),71 - فارس(71)
7000035438,علوم و معارف دفاع مقدس و مقاومت,نظري,2,0,163700018,خواهران,شنبه از 07:15 تا 12:15,حسن فتحي سرشت,,45,,1405/06/01 از 13:00 تا 14:00,اقتصاد ومدیریت-102,كارشناسي پيوسته,حضوري,ارائه در سطح دانشکده,-,گروه آموزشي دروس عمومي(7116399),163 - شيراز(163),163 - شيراز(71163),71 - فارس(71)
98961,اخلاق اسلامی (مبانی و مفاهیم),نظري,2,0,1639896105,خواهران,سه شنبه از 07:15 تا 12:15,عبدالحمید فرزانه,,45,,1405/06/02 از 13:00 تا 14:00,اقتصاد ومدیریت-005,كارشناسي پيوسته,حضوري,ارائه در سطح دانشکده,-,گروه آموزشي دروس عمومي(7116399),163 - شيراز(163),163 - شيراز(71163),71 - فارس(71)
98961,اخلاق اسلامی (مبانی و مفاهیم),نظري,2,0,1639896103,برادران,دوشنبه از 07:15 تا 12:15,عبدالحمید فرزانه,,45,,1405/06/02 از 13:00 تا 14:00,اقتصاد ومدیریت-005,كارشناسي پيوسته,حضوري,ارائه در سطح دانشکده,-,گروه آموزشي دروس عمومي(7116399),163 - شيراز(163),163 - شيراز(71163),71 - فارس(71)
90610,اندیشه اسلامی 1 (مبدا ومعاد),نظري,2,0,1639061011,برادران,دوشنبه از 07:15 تا 12:15,محمدعلی نعمت الهی,,45,,1405/06/05 از 13:00 تا 14:00,اقتصاد ومدیریت-102,كارشناسي پيوسته,حضوري,ارائه در سطح دانشکده,-,گروه آموزشي دروس عمومي(7116399),163 - شيراز(163),163 - شيراز(71163),71 - فارس(71)
90610,اندیشه اسلامی 1 (مبدا ومعاد),نظري,2,0,1639061010,خواهران,چهارشنبه از 07:15 تا 12:15,محمدعلی نعمت الهی,,45,,1405/06/05 از 13:00 تا 14:00,اقتصاد ومدیریت-102,كارشناسي پيوسته,حضوري,ارائه در سطح دانشکده,-,گروه آموزشي دروس عمومي(7116399),163 - شيراز(163),163 - شيراز(71163),71 - فارس(71)
90128,دانش خانواده و جمعیت,نظري,2,0,1639012809,خواهران,يكشنبه از 12:30 تا 17:30,فرزانه مسعودی,,45,,1405/06/03 از 13:00 تا 14:00,اقتصاد ومدیریت-کامپیوتر 101,كارشناسي پيوسته,حضوري,ارائه در سطح دانشکده,-,گروه آموزشي دروس عمومي(7116399),163 - شيراز(163),163 - شيراز(71163),71 - فارس(71)
90128,دانش خانواده و جمعیت,نظري,2,0,1639012808,خواهران,يكشنبه از 07:15 تا 12:15,فرزانه مسعودی,,45,,1405/06/03 از 13:00 تا 14:00,اقتصاد ومدیریت-007,كارشناسي پيوسته,حضوري,ارائه در سطح دانشکده,-,گروه آموزشي دروس عمومي(7116399),163 - شيراز(163),163 - شيراز(71163),71 - فارس(71)
7000035438,علوم و معارف دفاع مقدس و مقاومت,نظري,2,0,163700016,خواهران,سه شنبه از 12:30 تا 17:30,محمد آزاد,,45,,1405/06/01 از 13:00 تا 14:00,اقتصاد ومدیریت-007,كارشناسي پيوسته,حضوري,ارائه در سطح دانشکده,-,گروه آموزشي دروس عمومي(7116399),163 - شيراز(163),163 - شيراز(71163),71 - فارس(71)
99073,اندیشه های امامین انقلاب اسلامی و وصایای حضرت امام خمینی(ره),نظري,1,0,1639907315,برادران,چهارشنبه از 12:30 تا 17:30,هاشم یگانه,,45,,1405/06/04 از 13:00 تا 14:00,اقتصاد ومدیریت-006,كارشناسي پيوسته,حضوري,ارائه در سطح دانشکده,-,گروه آموزشي دروس عمومي(7116399),163 - شيراز(163),163 - شيراز(71163),71 - فارس(71)
99073,اندیشه های امامین انقلاب اسلامی و وصایای حضرت امام خمینی(ره),نظري,1,0,1639907314,خواهران,سه شنبه از 12:30 تا 17:30,عبدالحمید غریب نواز,,45,,1405/06/04 از 13:00 تا 14:00,اقتصاد ومدیریت-006,كارشناسي پيوسته,حضوري,ارائه در سطح دانشکده,-,گروه آموزشي دروس عمومي(7116399),163 - شيراز(163),163 - شيراز(71163),71 - فارس(71)
99073,اندیشه های امامین انقلاب اسلامی و وصایای حضرت امام خمینی(ره),نظري,1,0,1639907307,خواهران,سه شنبه از 07:15 تا 12:15,عبدالحمید غریب نواز,,45,,1405/06/04 از 13:00 تا 14:00,اقتصاد ومدیریت-006,كارشناسي پيوسته,حضوري,ارائه در سطح دانشکده,-,گروه آموزشي دروس عمومي(7116399),163 - شيراز(163),163 - شيراز(71163),71 - فارس(71)
99073,اندیشه های امامین انقلاب اسلامی و وصایای حضرت امام خمینی(ره),نظري,1,0,1639907312,برادران,دوشنبه از 07:30 تا 12:30,عبدالحمید غریب نواز,,45,,1405/06/04 از 13:00 تا 14:00,اقتصاد ومدیریت-006,كارشناسي پيوسته,حضوري,ارائه در سطح دانشکده,-,گروه آموزشي دروس عمومي(7116399),163 - شيراز(163),163 - شيراز(71163),71 - فارس(71)
99073,اندیشه های امامین انقلاب اسلامی و وصایای حضرت امام خمینی(ره),نظري,1,0,1639907311,برادران,دوشنبه از 12:30 تا 17:30,عبدالحمید غریب نواز,,45,,1405/06/04 از 13:00 تا 14:00,اقتصاد ومدیریت-007,كارشناسي پيوسته,حضوري,ارائه در سطح دانشکده,-,گروه آموزشي دروس عمومي(7116399),163 - شيراز(163),163 - شيراز(71163),71 - فارس(71)
99073,اندیشه های امامین انقلاب اسلامی و وصایای حضرت امام خمینی(ره),نظري,1,0,1639907310,برادران,چهارشنبه از 12:30 تا 17:30,جعفر فتحی زاده,,45,,1405/06/04 از 13:00 تا 14:00,اقتصاد ومدیریت-007,كارشناسي پيوسته,حضوري,ارائه در سطح دانشکده,-,گروه آموزشي دروس عمومي(7116399),163 - شيراز(163),163 - شيراز(71163),71 - فارس(71)
99073,اندیشه های امامین انقلاب اسلامی و وصایای حضرت امام خمینی(ره),نظري,1,0,1639907309,خواهران,يكشنبه از 12:30 تا 17:30,جعفر فتحی زاده,,45,,1405/06/04 از 13:00 تا 14:00,اقتصاد ومدیریت-007,كارشناسي پيوسته,حضوري,ارائه در سطح دانشکده,-,گروه آموزشي دروس عمومي(7116399),163 - شيراز(163),163 - شيراز(71163),71 - فارس(71)
90610,اندیشه اسلامی 1 (مبدا ومعاد),نظري,2,0,1639061009,برادران,سه شنبه از 12:30 تا 17:30,دکتر مرتضی کشاورز,,45,,1405/06/05 از 13:00 تا 14:00,اقتصاد ومدیریت-005,كارشناسي پيوسته,حضوري,ارائه در سطح دانشکده,-,گروه آموزشي دروس عمومي(7116399),163 - شيراز(163),163 - شيراز(71163),71 - فارس(71)
90610,اندیشه اسلامی 1 (مبدا ومعاد),نظري,2,0,1639061008,خواهران,دوشنبه از 12:30 تا 17:30,دکتر مرتضی کشاورز,,45,,1405/06/05 از 13:00 تا 14:00,اقتصاد ومدیریت-005,كارشناسي پيوسته,حضوري,ارائه در سطح دانشکده,-,گروه آموزشي دروس عمومي(7116399),163 - شيراز(163),163 - شيراز(71163),71 - فارس(71)
90610,اندیشه اسلامی 1 (مبدا ومعاد),نظري,2,0,1639061007,خواهران,يكشنبه از 12:30 تا 17:30,دکتر مرتضی کشاورز,,45,,1405/06/05 از 13:00 تا 14:00,اقتصاد ومدیریت-005,كارشناسي پيوسته,حضوري,ارائه در سطح دانشکده,-,گروه آموزشي دروس عمومي(7116399),163 - شيراز(163),163 - شيراز(71163),71 - فارس(71)
98961,اخلاق اسلامی (مبانی و مفاهیم),نظري,2,0,1639896112,برادران,چهارشنبه از 07:15 تا 12:15,عليرضا خنشا,,45,,1405/06/02 از 13:00 تا 14:00,علوم انسانی-106,كارشناسي پيوسته,حضوري,ارائه در سطح دانشکده,-,گروه آموزشي دروس عمومي(7116399),163 - شيراز(163),163 - شيراز(71163),71 - فارس(71)
90128,دانش خانواده و جمعیت,نظري,2,0,1639012807,برادران,پنج شنبه از 07:15 تا 12:15,عليرضا خنشا,,45,,1405/06/03 از 13:00 تا 14:00,علوم انسانی-106,كارشناسي پيوسته,حضوري,ارائه در سطح دانشکده,-,گروه آموزشي دروس عمومي(7116399),163 - شيراز(163),163 - شيراز(71163),71 - فارس(71)
99083,انس با قرآن کریم,نظري,1,0,163811007,,شنبه از 12:30 تا 17:30,فرزانه مسعودی,,25,,1405/06/01 از 14:30 تا 15:30,,كارشناسي پيوسته,حضوري,ارائه در سطح دانشکده,-,گروه آموزشي دروس عمومي(7116399),163 - شيراز(163),163 - شيراز(71163),71 - فارس(71)
99083,انس با قرآن کریم,نظري,1,0,163811006,,شنبه از 07:15 تا 12:15,فرزانه مسعودی,,25,,1405/06/01 از 14:30 تا 15:30,,كارشناسي پيوسته,حضوري,ارائه در سطح دانشکده,-,گروه آموزشي دروس عمومي(7116399),163 - شيراز(163),163 - شيراز(71163),71 - فارس(71)
99083,انس با قرآن کریم,نظري,1,0,163811005,,يكشنبه از 12:30 تا 17:30,عبدالحمید غریب نواز,,25,,1405/06/01 از 14:30 تا 15:30,,كارشناسي پيوسته,حضوري,ارائه در سطح دانشکده,-,گروه آموزشي دروس عمومي(7116399),163 - شيراز(163),163 - شيراز(71163),71 - فارس(71)
99083,انس با قرآن کریم,نظري,1,0,163811004,,يكشنبه از 07:15 تا 12:15,عبدالحمید غریب نواز,,25,,1405/06/01 از 14:30 تا 15:30,,كارشناسي پيوسته,حضوري,ارائه در سطح دانشکده,-,گروه آموزشي دروس عمومي(7116399),163 - شيراز(163),163 - شيراز(71163),71 - فارس(71)
99083,انس با قرآن کریم,نظري,1,0,163811003,,دوشنبه از 12:30 تا 17:30,سیدمحمدحسین معزی,,25,,1405/06/01 از 14:30 تا 15:30,,كارشناسي ناپيوسته,حضوري,ارائه در سطح دانشکده,-,گروه آموزشي دروس عمومي(7116399),163 - شيراز(163),163 - شيراز(71163),71 - فارس(71)
90180,زبان خارجی,نظري,3,0,4043004,,دوشنبه از 07:30 تا 12:00 دوشنبه از از ...,محمدجواد بهمئي,,55,,1405/06/02 از 13:00 تا 14:00,علوم انسانی-209,كارشناسي پيوسته,حضوري,ارائه در سطح دانشکده,-,گروه آموزشي دروس عمومي(7116399),163 - شيراز(163),163 - شيراز(71163),71 - فارس(71)
55004,زبان انگلیسی (پیش نیاز دانشگاهی),نظري,2,0,4043002,,دوشنبه از 07:15 تا 12:15,مريم کمائي,,55,,1405/06/01 از 13:00 تا 14:00,علوم انسانی-208,كارشناسي پيوسته,حضوري,ارائه در سطح دانشکده,-,گروه آموزشي دروس عمومي(7116399),163 - شيراز(163),163 - شيراز(71163),71 - فارس(71)
55229,مبانی برنامه نویسی و کامپیوتر,نظري,2,0,881-4304,,چهارشنبه از 07:30 تا 13:00,,,50,,1405/06/02 از 08:00 تا 10:00,,کاردانی پیوسته,حضوري,ارائه در سطح دانشکده,-,گروه آموزشي عمران(7116322),163 - شيراز(163),163 - شيراز(71163),71 - فارس(71)
3804130047,ریاضی عمومی,نظري,3,0,881-4303,,دوشنبه از 07:30 تا 13:00,,,30,,1405/06/05 از 08:00 تا 10:00,,کاردانی پیوسته,حضوري,ارائه در سطح دانشکده,-,گروه آموزشي عمران(7116322),163 - شيراز(163),163 - شيراز(71163),71 - فارس(71)
55194,ریاضی پیش دانشگاهی,نظري,2,0,881-4302,,دوشنبه از 07:30 تا 13:00,,,30,,1405/06/01 از 08:00 تا 10:00,,کاردانی پیوسته,حضوري,ارائه در سطح دانشکده,-,گروه آموزشي عمران(7116322),163 - شيراز(163),163 - شيراز(71163),71 - فارس(71)
55002,فیزیک مکانیک (پیش نیاز دانشگاهی),نظري,2,0,7702,,يكشنبه از 07:30 تا 13:00,,,35,,1405/06/03 از 08:00 تا 10:00,,کاردانی پیوسته,حضوري,ارائه در سطح دانشکده,-,گروه آموزشي عمران(7116322),163 - شيراز(163),163 - شيراز(71163),71 - فارس(71)
55001,ریاضیات پایه(پیش نیاز دانشگاهی),نظري,2,0,7701,,شنبه از 07:30 تا 13:00,,,35,,1405/06/01 از 08:00 تا 10:00,,کاردانی پیوسته,حضوري,ارائه در سطح دانشکده,-,گروه آموزشي عمران(7116322),163 - شيراز(163),163 - شيراز(71163),71 - فارس(71)
55229,مبانی برنامه نویسی و کامپیوتر,نظري,2,0,4404,,سه شنبه از 07:30 تا 13:00,,,25,,1405/06/02 از 08:00 تا 10:00,,کاردانی پیوسته,حضوري,ارائه در سطح دانشکده,-,گروه آموزشي عمران(7116322),163 - شيراز(163),163 - شيراز(71163),71 - فارس(71)
55223,فیزیک پیش دانشگاهی,نظري,2,0,4402,,يكشنبه از 07:30 تا 13:00,,,35,,1405/06/03 از 08:00 تا 10:00,,کاردانی پیوسته,حضوري,ارائه در سطح دانشکده,-,گروه آموزشي عمران(7116322),163 - شيراز(163),163 - شيراز(71163),71 - فارس(71)
55194,ریاضی پیش دانشگاهی,نظري,2,0,4401,,شنبه از 07:30 تا 13:00,,,35,,1405/06/01 از 08:00 تا 10:00,,کاردانی پیوسته,حضوري,ارائه در سطح دانشکده,-,گروه آموزشي عمران(7116322),163 - شيراز(163),163 - شيراز(71163),71 - فارس(71)
1050130047,ریاضی عمومی,نظري,3,0,9903,,دوشنبه از 07:30 تا 13:00,,,25,,1405/06/05 از 08:00 تا 10:00,,کاردانی پیوسته,حضوري,ارائه در سطح دانشکده,-,گروه آموزشي عمران(7116322),163 - شيراز(163),163 - شيراز(71163),71 - فارس(71)
55194,ریاضی پیش دانشگاهی,نظري,2,0,9901,,شنبه از 07:30 تا 13:00,,,25,,1405/06/01 از 08:00 تا 10:00,,کاردانی پیوسته,حضوري,ارائه در سطح دانشکده,-,گروه آموزشي عمران(7116322),163 - شيراز(163),163 - شيراز(71163),71 - فارس(71)
55194,ریاضی پیش دانشگاهی,نظري,2,0,200-12,,دوشنبه از 07:30 تا 13:00,محمد دهقان,,50,,1405/06/01 از 08:00 تا 10:00,مهارتی -205,کاردانی پیوسته,حضوري,ارائه در سطح دانشکده,-,گروه آموزشي عمران(7116322),163 - شيراز(163),163 - شيراز(71163),71 - فارس(71)
55223,فیزیک پیش دانشگاهی,نظري,2,0,200-11,,سه شنبه از 07:30 تا 13:00,مصطفي كرهاني شيرازي,,50,,1405/06/03 از 08:00 تا 10:00,مهارتی -205,کاردانی پیوسته,حضوري,ارائه در سطح دانشکده,-,گروه آموزشي عمران(7116322),163 - شيراز(163),163 - شيراز(71163),71 - فارس(71)
55229,مبانی برنامه نویسی و کامپیوتر,نظري,2,0,100-5,,سه شنبه از 07:30 تا 13:00,,,50,,1405/06/02 از 08:00 تا 10:00,,کاردانی پیوسته,حضوري,ارائه در سطح دانشکده,-,گروه آموزشي عمران(7116322),163 - شيراز(163),163 - شيراز(71163),71 - فارس(71)
55223,فیزیک پیش دانشگاهی,نظري,2,0,100-4,,يكشنبه از 07:30 تا 13:00,,,50,,1405/06/03 از 08:00 تا 10:00,,کاردانی پیوسته,حضوري,ارائه در سطح دانشکده,-,گروه آموزشي عمران(7116322),163 - شيراز(163),163 - شيراز(71163),71 - فارس(71)
90321,ریاضی عمومی,نظري,2,0,100-3,,دوشنبه از 07:30 تا 13:00,,,50,,1405/06/05 از 08:00 تا 10:00,,کاردانی پیوسته,حضوري,ارائه در سطح دانشکده,-,گروه آموزشي عمران(7116322),163 - شيراز(163),163 - شيراز(71163),71 - فارس(71)
55229,مبانی برنامه نویسی و کامپیوتر,نظري,2,0,300-7,,سه شنبه از 07:30 تا 13:00,,,25,,1405/06/02 از 08:00 تا 10:00,,کاردانی پیوسته,حضوري,ارائه در سطح دانشکده,-,گروه آموزشي عمران(7116322),163 - شيراز(163),163 - شيراز(71163),71 - فارس(71)
55229,مبانی برنامه نویسی و کامپیوتر,نظري,2,0,300-6,,چهارشنبه از 07:30 تا 13:00,,,25,,1405/06/02 از 08:00 تا 10:00,,کاردانی پیوسته,حضوري,ارائه در سطح دانشکده,-,گروه آموزشي عمران(7116322),163 - شيراز(163),163 - شيراز(71163),71 - فارس(71)
1050130047,ریاضی عمومی,نظري,3,0,300-5,,دوشنبه از 07:30 تا 13:00,,,50,,1405/06/05 از 08:00 تا 10:00,,کاردانی پیوسته,حضوري,ارائه در سطح دانشکده,-,گروه آموزشي عمران(7116322),163 - شيراز(163),163 - شيراز(71163),71 - فارس(71)
55194,ریاضی پیش دانشگاهی,نظري,2,0,300-4,,شنبه از 07:30 تا 13:00,,,50,,1405/06/01 از 08:00 تا 10:00,,کاردانی پیوسته,حضوري,ارائه در سطح دانشکده,-,گروه آموزشي عمران(7116322),163 - شيراز(163),163 - شيراز(71163),71 - فارس(71)
55229,مبانی برنامه نویسی و کامپیوتر,نظري,2,0,200-9,,چهارشنبه از 07:30 تا 13:00,مجتبي فلاحي,,50,,1405/06/02 از 08:00 تا 10:00,مهارتی -201,کاردانی پیوسته,حضوري,ارائه در سطح دانشکده,-,گروه آموزشي عمران(7116322),163 - شيراز(163),163 - شيراز(71163),71 - فارس(71)
55229,مبانی برنامه نویسی و کامپیوتر,نظري,2,0,200-8,,سه شنبه از 07:30 تا 13:00,مجتبي فلاحي,,50,,1405/06/02 از 08:00 تا 10:00,مهارتی -302,کاردانی پیوسته,حضوري,ارائه در سطح دانشکده,-,گروه آموزشي عمران(7116322),163 - شيراز(163),163 - شيراز(71163),71 - فارس(71)
5903130047,ریاضی عمومی,نظري,3,0,200-7,,دوشنبه از 07:30 تا 13:00,امین کلانترزاده,,50,,1405/06/05 از 08:00 تا 10:00,مهارتی -204,کاردانی پیوسته,حضوري,ارائه در سطح دانشکده,-,گروه آموزشي عمران(7116322),163 - شيراز(163),163 - شيراز(71163),71 - فارس(71)
55223,فیزیک پیش دانشگاهی,نظري,2,0,200-6,,يكشنبه از 07:30 تا 13:00,محمد دهقان,,50,,1405/06/03 از 08:00 تا 10:00,مهارتی -204,کاردانی پیوسته,حضوري,ارائه در سطح دانشکده,-,گروه آموزشي عمران(7116322),163 - شيراز(163),163 - شيراز(71163),71 - فارس(71)
55194,ریاضی پیش دانشگاهی,نظري,2,0,200-5,,شنبه از 07:30 تا 13:00,مصطفي كرهاني شيرازي,,50,,1405/06/01 از 08:00 تا 10:00,مهارتی -204,کاردانی پیوسته,حضوري,ارائه در سطح دانشکده,-,گروه آموزشي عمران(7116322),163 - شيراز(163),163 - شيراز(71163),71 - فارس(71)
99085,آشنایی با کامپیوتر,نظري_عملي,1,1,3404,,سه شنبه از 07:30 تا 13:00,,,25,,1405/06/02 از 08:00 تا 10:00,,کارداني ناپیوسته,حضوري,ارائه در سطح دانشکده,-,گروه آموزشي عمران(7116322),163 - شيراز(163),163 - شيراز(71163),71 - فارس(71)
55223,فیزیک پیش دانشگاهی,نظري,2,0,3402,,سه شنبه از 07:30 تا 13:00,,,35,,1405/06/03 از 08:00 تا 10:00,,کارداني ناپیوسته,حضوري,ارائه در سطح دانشکده,-,گروه آموزشي عمران(7116322),163 - شيراز(163),163 - شيراز(71163),71 - فارس(71)
55009,ریاضیات و آمار (پیش نیاز دانشگاهی),نظري,2,0,3401,,دوشنبه از 07:30 تا 13:00,,,35,,1405/06/01 از 08:00 تا 10:00,,کارداني ناپیوسته,حضوري,ارائه در سطح دانشکده,-,گروه آموزشي عمران(7116322),163 - شيراز(163),163 - شيراز(71163),71 - فارس(71)
5889130047,ریاضی عمومی,نظري,2,0,3303,,دوشنبه از 07:30 تا 13:00,,,30,,1405/06/05 از 08:00 تا 10:00,,کاردانی پیوسته,حضوري,ارائه در سطح دانشکده,-,گروه آموزشي عمران(7116322),163 - شيراز(163),163 - شيراز(71163),71 - فارس(71)
55223,فیزیک پیش دانشگاهی,نظري,2,0,3302,,سه شنبه از 07:30 تا 13:00,,,30,,1405/06/03 از 08:00 تا 10:00,,کاردانی پیوسته,حضوري,ارائه در سطح دانشکده,-,گروه آموزشي عمران(7116322),163 - شيراز(163),163 - شيراز(71163),71 - فارس(71)
55009,ریاضیات و آمار (پیش نیاز دانشگاهی),نظري,2,0,3301,,دوشنبه از 07:30 تا 13:00,,,30,,1405/06/01 از 08:00 تا 10:00,,کاردانی پیوسته,حضوري,ارائه در سطح دانشکده,-,گروه آموزشي عمران(7116322),163 - شيراز(163),163 - شيراز(71163),71 - فارس(71)
1388130047,ریاضی عمومی,نظري,2,0,6603,,دوشنبه از 07:30 تا 13:00,,,30,,1405/06/05 از 08:00 تا 10:00,,کارداني ناپیوسته,حضوري,ارائه در سطح دانشکده,-,گروه آموزشي عمران(7116322),163 - شيراز(163),163 - شيراز(71163),71 - فارس(71)
55002,فیزیک مکانیک (پیش نیاز دانشگاهی),نظري,2,0,6602,,يكشنبه از 07:30 تا 13:00,,,35,,1405/06/03 از 08:00 تا 10:00,,کارداني ناپیوسته,حضوري,ارائه در سطح دانشکده,-,گروه آموزشي عمران(7116322),163 - شيراز(163),163 - شيراز(71163),71 - فارس(71)
55001,ریاضیات پایه(پیش نیاز دانشگاهی),نظري,2,0,6601,,دوشنبه از 07:30 تا 13:00,,,30,,1405/06/01 از 08:00 تا 10:00,,کارداني ناپیوسته,حضوري,ارائه در سطح دانشکده,-,گروه آموزشي عمران(7116322),163 - شيراز(163),163 - شيراز(71163),71 - فارس(71)
55229,مبانی برنامه نویسی و کامپیوتر,نظري,2,0,2204,,چهارشنبه از 07:30 تا 13:00,,,25,,1405/06/02 از 08:00 تا 10:00,,کاردانی پیوسته,حضوري,ارائه در سطح دانشکده,-,گروه آموزشي عمران(7116322),163 - شيراز(163),163 - شيراز(71163),71 - فارس(71)
1050130047,ریاضی عمومی,نظري,3,0,2203,,دوشنبه از 07:30 تا 13:00,,,30,,1405/06/05 از 08:00 تا 10:00,,کاردانی پیوسته,حضوري,ارائه در سطح دانشکده,-,گروه آموزشي عمران(7116322),163 - شيراز(163),163 - شيراز(71163),71 - فارس(71)
55223,فیزیک پیش دانشگاهی,نظري,2,0,2202,,سه شنبه از 07:30 تا 13:00,,,30,,1405/06/03 از 08:00 تا 10:00,,کاردانی پیوسته,حضوري,ارائه در سطح دانشکده,-,گروه آموزشي عمران(7116322),163 - شيراز(163),163 - شيراز(71163),71 - فارس(71)
55194,ریاضی پیش دانشگاهی,نظري,2,0,2201,,دوشنبه از 07:30 تا 13:00,,,30,,1405/06/01 از 08:00 تا 10:00,,کاردانی پیوسته,حضوري,ارائه در سطح دانشکده,-,گروه آموزشي عمران(7116322),163 - شيراز(163),163 - شيراز(71163),71 - فارس(71)
1388166015,کارورزی 2,كارورزي,0,2,66662,,,امیر محسنی آهویی,,15,,,,کارداني ناپیوسته,حضوري,ارائه در سطح دانشکده,-,گروه آموزشي صنايع(7116338),163 - شيراز(163),163 - شيراز(71163),71 - فارس(71)
4628129685,ریاضی‌ عمومی‌ 2,نظري,3,0,16341054043,,سه شنبه از 07:30 تا 12:00 سه شنبه از ...,,,55,,1405/06/01 از 10:30 تا 12:30,,كارشناسي پيوسته,حضوري,ارائه در سطح گروه آموزشی,-,گروه آموزشي رياضيات و علوم کامپيوتر(7116314),163 - شيراز(163),163 - شيراز(71163),71 - فارس(71)
4628129685,ریاضی‌ عمومی‌ 2,نظري,3,0,16341054042,,دوشنبه از 07:30 تا 12:00 دوشنبه از از ...,,,55,,1405/06/01 از 10:30 تا 12:30,,كارشناسي پيوسته,حضوري,ارائه در سطح گروه آموزشی,-,گروه آموزشي رياضيات و علوم کامپيوتر(7116314),163 - شيراز(163),163 - شيراز(71163),71 - فارس(71)
4628107851,آمار و احتمال مهندسی,نظري,3,0,16341054029,,دوشنبه از 12:30 تا 17:00 دوشنبه از از ...,سیدمصطفی زبرجد,,20,,1405/06/02 از 10:30 تا 12:30,,كارشناسي پيوسته,حضوري,ارائه در سطح گروه آموزشی,-,گروه آموزشي رياضيات و علوم کامپيوتر(7116314),163 - شيراز(163),163 - شيراز(71163),71 - فارس(71)
4628107851,آمار و احتمال مهندسی,نظري,3,0,16341054028,,دوشنبه از 07:30 تا 12:00 دوشنبه از از ...,سارا رحیمی,,50,,1405/06/02 از 10:30 تا 12:30,,كارشناسي پيوسته,حضوري,ارائه در سطح گروه آموزشی,-,گروه آموزشي رياضيات و علوم کامپيوتر(7116314),163 - شيراز(163),163 - شيراز(71163),71 - فارس(71)
7000031530,آمار و احتمال مهندسی,نظري,3,0,16341054027,,دوشنبه از 12:30 تا 17:00 دوشنبه از از ...,سیدمصطفی زبرجد,,20,,1405/06/02 از 10:30 تا 12:30,,كارشناسي پيوسته,حضوري,ارائه در سطح گروه آموزشی,-,گروه آموزشي رياضيات و علوم کامپيوتر(7116314),163 - شيراز(163),163 - شيراز(71163),71 - فارس(71)
7000031530,آمار و احتمال مهندسی,نظري,3,0,16341054030,,دوشنبه از 07:30 تا 12:00 دوشنبه از از ...,سارا رحیمی,,50,,1405/06/02 از 10:30 تا 12:30,,كارشناسي پيوسته,حضوري,ارائه در سطح گروه آموزشی,-,گروه آموزشي رياضيات و علوم کامپيوتر(7116314),163 - شيراز(163),163 - شيراز(71163),71 - فارس(71)
4628150360,معادلات دیفرانسیل,نظري,3,0,16341054026,,دوشنبه از 12:30 تا 17:00 دوشنبه از از ...,کهیار اسلامی,,20,,1405/06/02 از 08:00 تا 10:00,,كارشناسي پيوسته,حضوري,ارائه در سطح گروه آموزشی,-,گروه آموزشي رياضيات و علوم کامپيوتر(7116314),163 - شيراز(163),163 - شيراز(71163),71 - فارس(71)
4628150360,معادلات دیفرانسیل,نظري,3,0,16341054025,,شنبه از 07:30 تا 12:00 شنبه از از ...,,,0,,1405/06/02 از 08:00 تا 10:00,,كارشناسي پيوسته,حضوري,ارائه در سطح گروه آموزشی,-,گروه آموزشي رياضيات و علوم کامپيوتر(7116314),163 - شيراز(163),163 - شيراز(71163),71 - فارس(71)
7000031529,معادلات دیفرانسیل,نظري,3,0,16341054024,,دوشنبه از 12:30 تا 17:00 دوشنبه از از ...,,,0,,1405/06/02 از 08:00 تا 10:00,,كارشناسي پيوسته,حضوري,ارائه در سطح گروه آموزشی,-,گروه آموزشي رياضيات و علوم کامپيوتر(7116314),163 - شيراز(163),163 - شيراز(71163),71 - فارس(71)
7000031529,معادلات دیفرانسیل,نظري,3,0,16341054023,,شنبه از 07:30 تا 12:00 شنبه از از ...,سیدمصطفی زبرجد,,20,,1405/06/02 از 08:00 تا 10:00,,كارشناسي پيوسته,حضوري,ارائه در سطح گروه آموزشی,-,گروه آموزشي رياضيات و علوم کامپيوتر(7116314),163 - شيراز(163),163 - شيراز(71163),71 - فارس(71)
7000031528,ریاضی عمومی 2,نظري,3,0,16341054022,,سه شنبه از 07:30 تا 12:00 سه شنبه از ...,,,40,,1405/06/01 از 10:30 تا 12:30,,كارشناسي پيوسته,حضوري,ارائه در سطح گروه آموزشی,-,گروه آموزشي رياضيات و علوم کامپيوتر(7116314),163 - شيراز(163),163 - شيراز(71163),71 - فارس(71)
7000031528,ریاضی عمومی 2,نظري,3,0,16341054021,,شنبه از 12:30 تا 17:00 شنبه از از ...,علی برق پیما,,40,,1405/06/01 از 10:30 تا 12:30,,كارشناسي پيوسته,حضوري,ارائه در سطح گروه آموزشی,-,گروه آموزشي رياضيات و علوم کامپيوتر(7116314),163 - شيراز(163),163 - شيراز(71163),71 - فارس(71)
7000031527,ریاضی عمومی 1,نظري,3,0,16341054020,,شنبه از 07:30 تا 12:00 شنبه از از ...,علی کیانی,,25,,1405/06/01 از 08:00 تا 10:00,,كارشناسي پيوسته,حضوري,ارائه در سطح گروه آموزشی,-,گروه آموزشي رياضيات و علوم کامپيوتر(7116314),163 - شيراز(163),163 - شيراز(71163),71 - فارس(71)
7000031527,ریاضی عمومی 1,نظري,3,0,16341054019,,دوشنبه از 12:30 تا 17:00 دوشنبه از از ...,سيدمحمدمهدي اسدي,,25,,1405/06/01 از 08:00 تا 10:00,,كارشناسي پيوسته,حضوري,ارائه در سطح گروه آموزشی,-,گروه آموزشي رياضيات و علوم کامپيوتر(7116314),163 - شيراز(163),163 - شيراز(71163),71 - فارس(71)
55001,ریاضیات پایه(پیش نیاز دانشگاهی),نظري,2,0,16341054018,,شنبه از 12:30 تا 17:30,كيميا كريمي,,40,,1405/06/02 از 10:30 تا 12:30,,كارشناسي پيوسته,حضوري,ارائه در سطح گروه آموزشی,-,گروه آموزشي رياضيات و علوم کامپيوتر(7116314),163 - شيراز(163),163 - شيراز(71163),71 - فارس(71)
55001,ریاضیات پایه(پیش نیاز دانشگاهی),نظري,2,0,16341054017,,دوشنبه از 12:30 تا 17:30,محمدهادی هوشمند,,40,,1405/06/02 از 10:30 تا 12:30,,كارشناسي پيوسته,حضوري,ارائه در سطح گروه آموزشی,-,گروه آموزشي رياضيات و علوم کامپيوتر(7116314),163 - شيراز(163),163 - شيراز(71163),71 - فارس(71)
